{
  "stereoset_m-DropoutPhi2LMHeadModel_c-microsoft_phi-2_s-42_ckpt_1600": {
    "intrasentence": {
      "gender": {
        "Count": 2298.0,
        "LM Score": 72.98141098864488,
        "SS Score": 56.236560105450664,
        "ICAT Score": 63.87835186441926
      },
      "profession": {
        "Count": 0,
        "LM Score": NaN,
        "SS Score": NaN,
        "ICAT Score": NaN
      },
      "race": {
        "Count": 8877.0,
        "LM Score": 78.79216633892567,
        "SS Score": 54.515558499326964,
        "ICAT Score": 71.67635361108327
      },
      "religion": {
        "Count": 735.0,
        "LM Score": 82.76694144510238,
        "SS Score": 53.89334874009203,
        "ICAT Score": 76.32213010117117
      },
      "overall": {
        "Count": 3970.0,
        "LM Score": 77.88065525634124,
        "SS Score": 54.81838850163352,
        "ICAT Score": 70.37547018060447
      }
    },
    "overall": {
      "Count": 3970.0,
      "LM Score": 77.88065525634124,
      "SS Score": 54.81838850163352,
      "ICAT Score": 70.37547018060447
    }
  }
}