{
  "stereoset_m-DropoutPhi2LMHeadModel_c-microsoft_phi-2_s-42_ckpt_2000": {
    "intrasentence": {
      "gender": {
        "Count": 2298.0,
        "LM Score": 73.17682668406057,
        "SS Score": 57.17414110682476,
        "ICAT Score": 62.67720907643837
      },
      "profession": {
        "Count": 0,
        "LM Score": NaN,
        "SS Score": NaN,
        "ICAT Score": NaN
      },
      "race": {
        "Count": 8877.0,
        "LM Score": 78.80937561277213,
        "SS Score": 54.82156986390347,
        "ICAT Score": 71.20967740382031
      },
      "religion": {
        "Count": 735.0,
        "LM Score": 82.56852874668965,
        "SS Score": 53.93450100346652,
        "ICAT Score": 76.07120956251755
      },
      "overall": {
        "Count": 3970.0,
        "LM Score": 77.92026975977154,
        "SS Score": 55.23336932142785,
        "ICAT Score": 69.76455877420813
      }
    },
    "overall": {
      "Count": 3970.0,
      "LM Score": 77.92026975977154,
      "SS Score": 55.23336932142785,
      "ICAT Score": 69.76455877420813
    }
  }
}