{
  "stereoset_m-DropoutPhi2LMHeadModel_c-microsoft_phi-2_s-42_ckpt_800": {
    "intrasentence": {
      "gender": {
        "Count": 2298.0,
        "LM Score": 73.0126422238616,
        "SS Score": 56.86848232652831,
        "ICAT Score": 62.98292136930704
      },
      "profession": {
        "Count": 0,
        "LM Score": NaN,
        "SS Score": NaN,
        "ICAT Score": NaN
      },
      "race": {
        "Count": 8877.0,
        "LM Score": 78.54765427877317,
        "SS Score": 54.311273184800314,
        "ICAT Score": 71.77484636635236
      },
      "religion": {
        "Count": 735.0,
        "LM Score": 82.54795261500243,
        "SS Score": 53.98687661139768,
        "ICAT Score": 75.96578258301209
      },
      "overall": {
        "Count": 3970.0,
        "LM Score": 77.69207745889629,
        "SS Score": 54.796777823558315,
        "ICAT Score": 70.23864477447611
      }
    },
    "overall": {
      "Count": 3970.0,
      "LM Score": 77.69207745889629,
      "SS Score": 54.796777823558315,
      "ICAT Score": 70.23864477447611
    }
  }
}