{
  "stereoset_m-DropoutPhi2LMHeadModel_c-microsoft_phi-2_s-42_ckpt_1900": {
    "intrasentence": {
      "gender": {
        "Count": 2298.0,
        "LM Score": 73.38299952356674,
        "SS Score": 56.364765233655795,
        "ICAT Score": 64.04168824138719
      },
      "profession": {
        "Count": 0,
        "LM Score": NaN,
        "SS Score": NaN,
        "ICAT Score": NaN
      },
      "race": {
        "Count": 8877.0,
        "LM Score": 78.64460888433369,
        "SS Score": 54.994182140401854,
        "ICAT Score": 70.78929886175312
      },
      "religion": {
        "Count": 735.0,
        "LM Score": 82.56852874668965,
        "SS Score": 53.49652334326664,
        "ICAT Score": 76.79447298305
      },
      "overall": {
        "Count": 3970.0,
        "LM Score": 77.83847071287444,
        "SS Score": 55.17601479581897,
        "ICAT Score": 69.78060919099924
      }
    },
    "overall": {
      "Count": 3970.0,
      "LM Score": 77.83847071287444,
      "SS Score": 55.17601479581897,
      "ICAT Score": 69.78060919099924
    }
  }
}