{
  "stereoset_m-DropoutPhi2LMHeadModel_c-microsoft_phi-2_s-42_ckpt_200": {
    "intrasentence": {
      "gender": {
        "Count": 2298.0,
        "LM Score": 73.46610144764819,
        "SS Score": 55.23108724710425,
        "ICAT Score": 65.77994972010299
      },
      "profession": {
        "Count": 0,
        "LM Score": NaN,
        "SS Score": NaN,
        "ICAT Score": NaN
      },
      "race": {
        "Count": 8877.0,
        "LM Score": 78.6843214178027,
        "SS Score": 54.19481900330336,
        "ICAT Score": 72.08299168289415
      },
      "religion": {
        "Count": 735.0,
        "LM Score": 81.57325858475285,
        "SS Score": 54.35724698176805,
        "ICAT Score": 74.46456188952487
      },
      "overall": {
        "Count": 3970.0,
        "LM Score": 77.82546507173636,
        "SS Score": 54.40896307646263,
        "ICAT Score": 70.96287303353999
      }
    },
    "overall": {
      "Count": 3970.0,
      "LM Score": 77.82546507173636,
      "SS Score": 54.40896307646263,
      "ICAT Score": 70.96287303353999
    }
  }
}