{
  "stereoset_m-DropoutPhi2LMHeadModel_c-microsoft_phi-2_s-42_ckpt_700": {
    "intrasentence": {
      "gender": {
        "Count": 2298.0,
        "LM Score": 72.99703101514696,
        "SS Score": 56.720539153222816,
        "ICAT Score": 63.18544291502065
      },
      "profession": {
        "Count": 0,
        "LM Score": NaN,
        "SS Score": NaN,
        "ICAT Score": NaN
      },
      "race": {
        "Count": 8877.0,
        "LM Score": 78.5652937132425,
        "SS Score": 54.43435351919684,
        "ICAT Score": 71.5975679799615
      },
      "religion": {
        "Count": 735.0,
        "LM Score": 81.93801728284487,
        "SS Score": 53.87865150317257,
        "ICAT Score": 75.58183700482314
      },
      "overall": {
        "Count": 3970.0,
        "LM Score": 77.66599523418695,
        "SS Score": 54.8526709591742,
        "ICAT Score": 70.12824484242094
      }
    },
    "overall": {
      "Count": 3970.0,
      "LM Score": 77.66599523418695,
      "SS Score": 54.8526709591742,
      "ICAT Score": 70.12824484242094
    }
  }
}