{
  "stereoset_m-DropoutPhi2LMHeadModel_c-microsoft_phi-2_s-42_ckpt_1000": {
    "intrasentence": {
      "gender": {
        "Count": 2298.0,
        "LM Score": 72.90363302318575,
        "SS Score": 56.50250773806496,
        "ICAT Score": 63.42250426585948
      },
      "profession": {
        "Count": 0,
        "LM Score": NaN,
        "SS Score": NaN,
        "ICAT Score": NaN
      },
      "race": {
        "Count": 8877.0,
        "LM Score": 78.65340547757258,
        "SS Score": 54.42793081627797,
        "ICAT Score": 71.68796871918558
      },
      "religion": {
        "Count": 735.0,
        "LM Score": 82.36276742981724,
        "SS Score": 53.87865150317257,
        "ICAT Score": 75.97363799587497
      },
      "overall": {
        "Count": 3970.0,
        "LM Score": 77.73821524032651,
        "SS Score": 54.80486367045995,
        "ICAT Score": 70.26778471603369
      }
    },
    "overall": {
      "Count": 3970.0,
      "LM Score": 77.73821524032651,
      "SS Score": 54.80486367045995,
      "ICAT Score": 70.26778471603369
    }
  }
}