{
  "stereoset_m-CDALlama2LMHeadModel_c-meta-llama_Llama-2-7b-hf_t-gender_s-42_ckpt_800": {
    "intrasentence": {
      "gender": {
        "Count": 2298.0,
        "LM Score": 70.5640640006707,
        "SS Score": 55.476222014053086,
        "ICAT Score": 62.835574387040225
      },
      "profession": {
        "Count": 0,
        "LM Score": NaN,
        "SS Score": NaN,
        "ICAT Score": NaN
      },
      "race": {
        "Count": 8877.0,
        "LM Score": 73.4491772478433,
        "SS Score": 50.60652282274806,
        "ICAT Score": 72.55820520158561
      },
      "religion": {
        "Count": 735.0,
        "LM Score": 75.77076641252887,
        "SS Score": 45.59566657267806,
        "ICAT Score": 69.09637202603881
      },
      "overall": {
        "Count": 3970.0,
        "LM Score": 73.01720951802088,
        "SS Score": 51.2709522272778,
        "ICAT Score": 71.1611818166901
      }
    },
    "overall": {
      "Count": 3970.0,
      "LM Score": 73.01720951802088,
      "SS Score": 51.2709522272778,
      "ICAT Score": 71.1611818166901
    }
  }
}