{
  "stereoset_m-CDALlama2LMHeadModel_c-meta-llama_Llama-2-7b-hf_t-gender_s-42_ckpt_700": {
    "intrasentence": {
      "gender": {
        "Count": 2298.0,
        "LM Score": 70.55634795128798,
        "SS Score": 55.881715350006196,
        "ICAT Score": 62.2565008555786
      },
      "profession": {
        "Count": 0,
        "LM Score": NaN,
        "SS Score": NaN,
        "ICAT Score": NaN
      },
      "race": {
        "Count": 8877.0,
        "LM Score": 73.25242093568855,
        "SS Score": 50.93644262500172,
        "ICAT Score": 71.88048714871361
      },
      "religion": {
        "Count": 735.0,
        "LM Score": 75.77076641252887,
        "SS Score": 45.59566657267806,
        "ICAT Score": 69.09637202603881
      },
      "overall": {
        "Count": 3970.0,
        "LM Score": 72.86941382884348,
        "SS Score": 51.59625313341765,
        "ICAT Score": 70.5430532257515
      }
    },
    "overall": {
      "Count": 3970.0,
      "LM Score": 72.86941382884348,
      "SS Score": 51.59625313341765,
      "ICAT Score": 70.5430532257515
    }
  }
}