{
  "stereoset_m-CDALlama2LMHeadModel_c-meta-llama_Llama-2-7b-hf_t-gender_s-42_ckpt_1900": {
    "intrasentence": {
      "gender": {
        "Count": 2298.0,
        "LM Score": 70.86263807823029,
        "SS Score": 55.55130947032496,
        "ICAT Score": 62.99502940111249
      },
      "profession": {
        "Count": 0,
        "LM Score": NaN,
        "SS Score": NaN,
        "ICAT Score": NaN
      },
      "race": {
        "Count": 8877.0,
        "LM Score": 73.67229652016658,
        "SS Score": 51.07087867282255,
        "ICAT Score": 72.09441469774048
      },
      "religion": {
        "Count": 735.0,
        "LM Score": 77.61526964592099,
        "SS Score": 45.59566657267806,
        "ICAT Score": 70.77839911447828
      },
      "overall": {
        "Count": 3970.0,
        "LM Score": 73.35122418380935,
        "SS Score": 51.63098403482106,
        "ICAT Score": 70.95853067224188
      }
    },
    "overall": {
      "Count": 3970.0,
      "LM Score": 73.35122418380935,
      "SS Score": 51.63098403482106,
      "ICAT Score": 70.95853067224188
    }
  }
}