{
  "stereoset_m-CDALlama2LMHeadModel_c-meta-llama_Llama-2-7b-hf_t-gender_s-42_ckpt_1400": {
    "intrasentence": {
      "gender": {
        "Count": 2298.0,
        "LM Score": 70.66026390918947,
        "SS Score": 55.21166910532227,
        "ICAT Score": 63.29510562140065
      },
      "profession": {
        "Count": 0,
        "LM Score": NaN,
        "SS Score": NaN,
        "ICAT Score": NaN
      },
      "race": {
        "Count": 8877.0,
        "LM Score": 73.63488902539002,
        "SS Score": 50.87216055952855,
        "ICAT Score": 72.35046010512589
      },
      "religion": {
        "Count": 735.0,
        "LM Score": 76.38805036314615,
        "SS Score": 45.569211546223045,
        "ICAT Score": 69.61886453203493
      },
      "overall": {
        "Count": 3970.0,
        "LM Score": 73.21080809482285,
        "SS Score": 51.41465210725264,
        "ICAT Score": 71.13945161592265
      }
    },
    "overall": {
      "Count": 3970.0,
      "LM Score": 73.21080809482285,
      "SS Score": 51.41465210725264,
      "ICAT Score": 71.13945161592265
    }
  }
}