{
  "stereoset_m-CDALlama2LMHeadModel_c-meta-llama_Llama-2-7b-hf_t-gender_s-42_ckpt_1500": {
    "intrasentence": {
      "gender": {
        "Count": 2298.0,
        "LM Score": 70.6561112717035,
        "SS Score": 55.557348117667956,
        "ICAT Score": 62.80289913215272
      },
      "profession": {
        "Count": 0,
        "LM Score": NaN,
        "SS Score": NaN,
        "ICAT Score": NaN
      },
      "race": {
        "Count": 8877.0,
        "LM Score": 73.63576701511984,
        "SS Score": 51.0637662926209,
        "ICAT Score": 72.06914207748044
      },
      "religion": {
        "Count": 735.0,
        "LM Score": 77.05209824941625,
        "SS Score": 46.362862339873836,
        "ICAT Score": 71.44711648272238
      },
      "overall": {
        "Count": 3970.0,
        "LM Score": 73.24995983621311,
        "SS Score": 51.672314445099104,
        "ICAT Score": 70.80002051747255
      }
    },
    "overall": {
      "Count": 3970.0,
      "LM Score": 73.24995983621311,
      "SS Score": 51.672314445099104,
      "ICAT Score": 70.80002051747255
    }
  }
}