{
  "stereoset_m-CDALlama2LMHeadModel_c-meta-llama_Llama-2-7b-hf_t-gender_s-42_ckpt_1300": {
    "intrasentence": {
      "gender": {
        "Count": 2298.0,
        "LM Score": 70.5277162099751,
        "SS Score": 55.297478052700434,
        "ICAT Score": 63.05533563538654
      },
      "profession": {
        "Count": 0,
        "LM Score": NaN,
        "SS Score": NaN,
        "ICAT Score": NaN
      },
      "race": {
        "Count": 8877.0,
        "LM Score": 73.81053517662585,
        "SS Score": 51.004714442631226,
        "ICAT Score": 72.32736496241992
      },
      "religion": {
        "Count": 735.0,
        "LM Score": 76.799572996891,
        "SS Score": 46.00718920642292,
        "ICAT Score": 70.66664971680906
      },
      "overall": {
        "Count": 3970.0,
        "LM Score": 73.33959288309207,
        "SS Score": 51.55606431879045,
        "ICAT Score": 71.05717041029212
      }
    },
    "overall": {
      "Count": 3970.0,
      "LM Score": 73.33959288309207,
      "SS Score": 51.55606431879045,
      "ICAT Score": 71.05717041029212
    }
  }
}