{
  "stereoset_m-CDALlama2LMHeadModel_c-meta-llama_Llama-2-7b-hf_t-gender_s-42_ckpt_500": {
    "intrasentence": {
      "gender": {
        "Count": 2298.0,
        "LM Score": 70.5690073262662,
        "SS Score": 56.1448113152511,
        "ICAT Score": 61.89634263177664
      },
      "profession": {
        "Count": 0,
        "LM Score": NaN,
        "SS Score": NaN,
        "ICAT Score": NaN
      },
      "race": {
        "Count": 8877.0,
        "LM Score": 73.51502868567134,
        "SS Score": 51.048975911809265,
        "ICAT Score": 71.97271880072661
      },
      "religion": {
        "Count": 735.0,
        "LM Score": 76.16171291458647,
        "SS Score": 46.38931736632886,
        "ICAT Score": 70.66179743115958
      },
      "overall": {
        "Count": 3970.0,
        "LM Score": 73.090288667764,
        "SS Score": 51.77883206440092,
        "ICAT Score": 70.48998168619323
      }
    },
    "overall": {
      "Count": 3970.0,
      "LM Score": 73.090288667764,
      "SS Score": 51.77883206440092,
      "ICAT Score": 70.48998168619323
    }
  }
}