{
  "stereoset_m-CDALlama2LMHeadModel_c-meta-llama_Llama-2-7b-hf_t-gender_s-42_ckpt_1100": {
    "intrasentence": {
      "gender": {
        "Count": 2298.0,
        "LM Score": 70.51657722818393,
        "SS Score": 55.45399979183087,
        "ICAT Score": 62.82462927772113
      },
      "profession": {
        "Count": 0,
        "LM Score": NaN,
        "SS Score": NaN,
        "ICAT Score": NaN
      },
      "race": {
        "Count": 8877.0,
        "LM Score": 73.62427265272684,
        "SS Score": 50.99513082042984,
        "ICAT Score": 72.15895699575768
      },
      "religion": {
        "Count": 735.0,
        "LM Score": 77.43569613301413,
        "SS Score": 45.59566657267807,
        "ICAT Score": 70.61464363408258
      },
      "overall": {
        "Count": 3970.0,
        "LM Score": 73.23658810395249,
        "SS Score": 51.555465629063164,
        "ICAT Score": 70.9582481922414
      }
    },
    "overall": {
      "Count": 3970.0,
      "LM Score": 73.23658810395249,
      "SS Score": 51.555465629063164,
      "ICAT Score": 70.9582481922414
    }
  }
}