{
  "stereoset_m-CDALlama2LMHeadModel_c-meta-llama_Llama-2-7b-hf_t-gender_s-42_ckpt_2000": {
    "intrasentence": {
      "gender": {
        "Count": 2298.0,
        "LM Score": 70.61285052010939,
        "SS Score": 55.56118601353482,
        "ICAT Score": 62.75902658634424
      },
      "profession": {
        "Count": 0,
        "LM Score": NaN,
        "SS Score": NaN,
        "ICAT Score": NaN
      },
      "race": {
        "Count": 8877.0,
        "LM Score": 73.66222477404581,
        "SS Score": 50.972855307766785,
        "ICAT Score": 72.228971046979
      },
      "religion": {
        "Count": 735.0,
        "LM Score": 77.40950832904855,
        "SS Score": 45.225296202307696,
        "ICAT Score": 70.0173588611245
      },
      "overall": {
        "Count": 3970.0,
        "LM Score": 73.28225322389407,
        "SS Score": 51.53813089476619,
        "ICAT Score": 71.02789926945906
      }
    },
    "overall": {
      "Count": 3970.0,
      "LM Score": 73.28225322389407,
      "SS Score": 51.53813089476619,
      "ICAT Score": 71.02789926945906
    }
  }
}