{
  "stereoset_m-CDALlama2LMHeadModel_c-meta-llama_Llama-2-7b-hf_t-gender_s-42_ckpt_1700": {
    "intrasentence": {
      "gender": {
        "Count": 2298.0,
        "LM Score": 70.72021383580606,
        "SS Score": 55.557348117667956,
        "ICAT Score": 62.859876890976224
      },
      "profession": {
        "Count": 0,
        "LM Score": NaN,
        "SS Score": NaN,
        "ICAT Score": NaN
      },
      "race": {
        "Count": 8877.0,
        "LM Score": 73.71136353627789,
        "SS Score": 50.89532206972601,
        "ICAT Score": 72.39145532500535
      },
      "religion": {
        "Count": 735.0,
        "LM Score": 77.00533431376343,
        "SS Score": 46.007189206422915,
        "ICAT Score": 70.8559797135433
      },
      "overall": {
        "Count": 3970.0,
        "LM Score": 73.31604278616747,
        "SS Score": 51.52602987017688,
        "ICAT Score": 71.07839336107033
      }
    },
    "overall": {
      "Count": 3970.0,
      "LM Score": 73.31604278616747,
      "SS Score": 51.52602987017688,
      "ICAT Score": 71.07839336107033
    }
  }
}