{
  "stereoset_m-INLPPhi2LMHeadModel_c-microsoft_phi-2_t-race-color_s-42": {
    "intrasentence": {
      "gender": {
        "Count": 2298.0,
        "LM Score": 76.11301376959797,
        "SS Score": 55.648096533004086,
        "ICAT Score": 67.5151407858268
      },
      "profession": {
        "Count": 0,
        "LM Score": NaN,
        "SS Score": NaN,
        "ICAT Score": NaN
      },
      "race": {
        "Count": 8877.0,
        "LM Score": 78.77873837963146,
        "SS Score": 54.54373437313163,
        "ICAT Score": 71.61974515068196
      },
      "religion": {
        "Count": 735.0,
        "LM Score": 81.89686501947038,
        "SS Score": 54.78154100759465,
        "ICAT Score": 74.06500064978955
      },
      "overall": {
        "Count": 3970.0,
        "LM Score": 78.43723444185214,
        "SS Score": 54.77578124488386,
        "ICAT Score": 70.94525297889302
      }
    },
    "overall": {
      "Count": 3970.0,
      "LM Score": 78.43723444185214,
      "SS Score": 54.77578124488386,
      "ICAT Score": 70.94525297889302
    }
  }
}