{
  "stereoset_m-INLPGPT2LMHeadModel_c-gpt2_t-religion_s-42": {
    "intrasentence": {
      "gender": {
        "Count": 2298.0,
        "LM Score": 76.5882255679982,
        "SS Score": 55.40383305683156,
        "ICAT Score": 68.31082586622978
      },
      "profession": {
        "Count": 0,
        "LM Score": NaN,
        "SS Score": NaN,
        "ICAT Score": NaN
      },
      "race": {
        "Count": 8877.0,
        "LM Score": 79.0624569875239,
        "SS Score": 51.49186948980422,
        "ICAT Score": 76.70343964015099
      },
      "religion": {
        "Count": 735.0,
        "LM Score": 81.38019033612903,
        "SS Score": 51.22304047591404,
        "ICAT Score": 79.38956500175554
      },
      "overall": {
        "Count": 3970.0,
        "LM Score": 78.71135605036386,
        "SS Score": 52.24805005484244,
        "ICAT Score": 75.172414684649
      }
    },
    "overall": {
      "Count": 3970.0,
      "LM Score": 78.71135605036386,
      "SS Score": 52.24805005484244,
      "ICAT Score": 75.172414684649
    }
  }
}