{
  "stereoset_m-INLPPhi2LMHeadModel_c-microsoft_phi-2_t-religion_s-42": {
    "intrasentence": {
      "gender": {
        "Count": 2298.0,
        "LM Score": 76.23751121765865,
        "SS Score": 55.370442024889805,
        "ICAT Score": 68.04892853533221
      },
      "profession": {
        "Count": 0,
        "LM Score": NaN,
        "SS Score": NaN,
        "ICAT Score": NaN
      },
      "race": {
        "Count": 8877.0,
        "LM Score": 78.61913083796235,
        "SS Score": 54.84885367776816,
        "ICAT Score": 70.99487760383055
      },
      "religion": {
        "Count": 735.0,
        "LM Score": 81.89686501947038,
        "SS Score": 53.178528580827425,
        "ICAT Score": 76.69063449657934
      },
      "overall": {
        "Count": 3970.0,
        "LM Score": 78.34315069996536,
        "SS Score": 54.852897918170676,
        "ICAT Score": 70.7393244412695
      }
    },
    "overall": {
      "Count": 3970.0,
      "LM Score": 78.34315069996536,
      "SS Score": 54.852897918170676,
      "ICAT Score": 70.7393244412695
    }
  }
}