{
  "stereoset_m-INLPGPT2LMHeadModel_c-gpt2_t-race-color_s-42": {
    "intrasentence": {
      "gender": {
        "Count": 2298.0,
        "LM Score": 77.07481358249723,
        "SS Score": 54.507916017386286,
        "ICAT Score": 70.1258778487852
      },
      "profession": {
        "Count": 0,
        "LM Score": NaN,
        "SS Score": NaN,
        "ICAT Score": NaN
      },
      "race": {
        "Count": 8877.0,
        "LM Score": 78.7879848926368,
        "SS Score": 51.241236786888805,
        "ICAT Score": 76.8320939883652
      },
      "religion": {
        "Count": 735.0,
        "LM Score": 81.99747428674632,
        "SS Score": 51.30085750775405,
        "ICAT Score": 79.86413368589065
      },
      "overall": {
        "Count": 3970.0,
        "LM Score": 78.63989453239205,
        "SS Score": 51.889506282959275,
        "ICAT Score": 75.66808303618785
      }
    },
    "overall": {
      "Count": 3970.0,
      "LM Score": 78.63989453239205,
      "SS Score": 51.889506282959275,
      "ICAT Score": 75.66808303618785
    }
  }
}