{
  "stereoset_m-INLPLlama2LMHeadModel_c-meta-llama_Llama-2-7b-hf_t-race-color_s-42": {
    "intrasentence": {
      "gender": {
        "Count": 2298.0,
        "LM Score": 73.37282045651611,
        "SS Score": 57.37785738887688,
        "ICAT Score": 62.54613634555922
      },
      "profession": {
        "Count": 0,
        "LM Score": NaN,
        "SS Score": NaN,
        "ICAT Score": NaN
      },
      "race": {
        "Count": 8877.0,
        "LM Score": 75.05064771024276,
        "SS Score": 51.17985690958204,
        "ICAT Score": 73.279667204852
      },
      "religion": {
        "Count": 735.0,
        "LM Score": 76.89871254047499,
        "SS Score": 50.74023393946766,
        "ICAT Score": 75.76025180199846
      },
      "overall": {
        "Count": 3970.0,
        "LM Score": 74.82892248563941,
        "SS Score": 52.37711617042293,
        "ICAT Score": 71.27138165252066
      }
    },
    "overall": {
      "Count": 3970.0,
      "LM Score": 74.82892248563941,
      "SS Score": 52.37711617042293,
      "ICAT Score": 71.27138165252066
    }
  }
}