{
  "stereoset_m-INLPLlama2LMHeadModel_c-meta-llama_Llama-2-7b-hf_t-gender_s-42": {
    "intrasentence": {
      "gender": {
        "Count": 2298.0,
        "LM Score": 73.35594689797588,
        "SS Score": 57.26766319822293,
        "ICAT Score": 62.693420585151586
      },
      "profession": {
        "Count": 0,
        "LM Score": NaN,
        "SS Score": NaN,
        "ICAT Score": NaN
      },
      "race": {
        "Count": 8877.0,
        "LM Score": 75.15374155355906,
        "SS Score": 51.01712880090655,
        "ICAT Score": 73.62492085295882
      },
      "religion": {
        "Count": 735.0,
        "LM Score": 77.28773319769488,
        "SS Score": 51.91804009811673,
        "ICAT Score": 74.32291377038035
      },
      "overall": {
        "Count": 3970.0,
        "LM Score": 74.92526842941253,
        "SS Score": 52.3041303377117,
        "ICAT Score": 71.4725167484245
      }
    },
    "overall": {
      "Count": 3970.0,
      "LM Score": 74.92526842941253,
      "SS Score": 52.3041303377117,
      "ICAT Score": 71.4725167484245
    }
  }
}