{
  "stereoset_m-INLPLlama2LMHeadModel_c-meta-llama_Llama-2-7b-hf_t-gender_s-42": {
    "intrasentence": {
      "gender": {
        "Count": 2298.0,
        "LM Score": 78.47652990160488,
        "SS Score": 58.32082123551389,
        "ICAT Score": 65.41674637171059
      },
      "profession": {
        "Count": 0,
        "LM Score": NaN,
        "SS Score": NaN,
        "ICAT Score": NaN
      },
      "race": {
        "Count": 8877.0,
        "LM Score": 78.31988221010182,
        "SS Score": 50.030401879094,
        "ICAT Score": 78.27226077830967
      },
      "religion": {
        "Count": 735.0,
        "LM Score": 79.93625361441453,
        "SS Score": 52.430996703027354,
        "ICAT Score": 76.04975823463452
      },
      "overall": {
        "Count": 3970.0,
        "LM Score": 78.44650571920644,
        "SS Score": 51.80880934033082,
        "ICAT Score": 75.60861027398212
      }
    },
    "overall": {
      "Count": 3970.0,
      "LM Score": 78.44650571920644,
      "SS Score": 51.80880934033082,
      "ICAT Score": 75.60861027398212
    }
  }
}