{
  "stereoset_m-INLPGPT2LMHeadModel_c-gpt2_t-race-color_s-42": {
    "intrasentence": {
      "gender": {
        "Count": 2298.0,
        "LM Score": 77.34155939198418,
        "SS Score": 52.054004084463855,
        "ICAT Score": 74.16436181418538
      },
      "profession": {
        "Count": 0,
        "LM Score": NaN,
        "SS Score": NaN,
        "ICAT Score": NaN
      },
      "race": {
        "Count": 8877.0,
        "LM Score": 79.60621137126542,
        "SS Score": 51.1351290204017,
        "ICAT Score": 77.79894495663032
      },
      "religion": {
        "Count": 735.0,
        "LM Score": 81.66515547741602,
        "SS Score": 50.67197241526744,
        "ICAT Score": 80.56762084202902
      },
      "overall": {
        "Count": 3970.0,
        "LM Score": 79.28115175006091,
        "SS Score": 51.28906219458365,
        "ICAT Score": 77.23718504077985
      }
    },
    "overall": {
      "Count": 3970.0,
      "LM Score": 79.28115175006091,
      "SS Score": 51.28906219458365,
      "ICAT Score": 77.23718504077985
    }
  }
}