{
  "stereoset_m-INLPLlama2LMHeadModel_c-meta-llama_Llama-2-7b-hf_t-religion_s-42": {
    "intrasentence": {
      "gender": {
        "Count": 2298.0,
        "LM Score": 73.74681932907819,
        "SS Score": 56.78891275862791,
        "ICAT Score": 63.73360487605007
      },
      "profession": {
        "Count": 0,
        "LM Score": NaN,
        "SS Score": NaN,
        "ICAT Score": NaN
      },
      "race": {
        "Count": 8877.0,
        "LM Score": 75.45555702707956,
        "SS Score": 50.81466616127162,
        "ICAT Score": 74.22613524728231
      },
      "religion": {
        "Count": 735.0,
        "LM Score": 76.488152829149,
        "SS Score": 50.355166332177824,
        "ICAT Score": 75.94483249524129
      },
      "overall": {
        "Count": 3970.0,
        "LM Score": 75.17944670654394,
        "SS Score": 51.96658655244822,
        "ICAT Score": 72.2225089282722
      }
    },
    "overall": {
      "Count": 3970.0,
      "LM Score": 75.17944670654394,
      "SS Score": 51.96658655244822,
      "ICAT Score": 72.2225089282722
    }
  }
}