{
  "stereoset_m-INLPGPT2LMHeadModel_c-gpt2_t-religion_s-42": {
    "intrasentence": {
      "gender": {
        "Count": 2298.0,
        "LM Score": 72.93284286326515,
        "SS Score": 55.30916673975146,
        "ICAT Score": 65.18859039196181
      },
      "profession": {
        "Count": 0,
        "LM Score": NaN,
        "SS Score": NaN,
        "ICAT Score": NaN
      },
      "race": {
        "Count": 8877.0,
        "LM Score": 79.0865670535186,
        "SS Score": 51.03733681527828,
        "ICAT Score": 77.44577890154683
      },
      "religion": {
        "Count": 735.0,
        "LM Score": 80.84945882838603,
        "SS Score": 52.46396642948367,
        "ICAT Score": 76.86525178048473
      },
      "overall": {
        "Count": 3970.0,
        "LM Score": 77.97639797632257,
        "SS Score": 51.964932632791715,
        "ICAT Score": 74.91203059689796
      }
    },
    "overall": {
      "Count": 3970.0,
      "LM Score": 77.97639797632257,
      "SS Score": 51.964932632791715,
      "ICAT Score": 74.91203059689796
    }
  }
}