{
  "stereoset_m-INLPLlama2LMHeadModel_c-meta-llama_Llama-2-7b-hf_t-race-color_s-42": {
    "intrasentence": {
      "gender": {
        "Count": 2298.0,
        "LM Score": 73.00190809246281,
        "SS Score": 56.81658731166477,
        "ICAT Score": 63.04943048385482
      },
      "profession": {
        "Count": 0,
        "LM Score": NaN,
        "SS Score": NaN,
        "ICAT Score": NaN
      },
      "race": {
        "Count": 8877.0,
        "LM Score": 75.16346296228339,
        "SS Score": 50.51655468949619,
        "ICAT Score": 74.38694217684457
      },
      "religion": {
        "Count": 735.0,
        "LM Score": 77.48122992375868,
        "SS Score": 50.71094082588335,
        "ICAT Score": 76.37953853190959
      },
      "overall": {
        "Count": 3970.0,
        "LM Score": 74.87407649227457,
        "SS Score": 51.771491886157655,
        "ICAT Score": 72.22130011248233
      }
    },
    "overall": {
      "Count": 3970.0,
      "LM Score": 74.87407649227457,
      "SS Score": 51.771491886157655,
      "ICAT Score": 72.22130011248233
    }
  }
}