{
  "stereoset_m-CDALlama2LMHeadModel_c-meta-llama_Llama-2-7b-hf_t-religion_s-42_ckpt_500": {
    "intrasentence": {
      "gender": {
        "Count": 2313.0,
        "LM Score": 87.28173210542026,
        "SS Score": 65.49417845744684,
        "ICAT Score": 60.2345574390913
      },
      "profession": {
        "Count": 7194.0,
        "LM Score": 86.38314632430976,
        "SS Score": 59.49591667713548,
        "ICAT Score": 69.9774031282208
      },
      "race": {
        "Count": 8928.0,
        "LM Score": 86.67155289728842,
        "SS Score": 62.94847034819476,
        "ICAT Score": 64.22627224283777
      },
      "religion": {
        "Count": 741.0,
        "LM Score": 91.47886558435317,
        "SS Score": 56.032885071322845,
        "ICAT Score": 80.4412359338453
      },
      "overall": {
        "Count": 6392.0,
        "LM Score": 86.81872066117047,
        "SS Score": 61.722855246502114,
        "ICAT Score": 66.46345476122241
      }
    },
    "overall": {
      "Count": 6392.0,
      "LM Score": 86.81872066117047,
      "SS Score": 61.722855246502114,
      "ICAT Score": 66.46345476122241
    }
  }
}