{
  "stereoset_m-CDALlama2LMHeadModel_c-meta-llama_Llama-2-7b-hf_t-religion_s-42_ckpt_600": {
    "intrasentence": {
      "gender": {
        "Count": 2313.0,
        "LM Score": 87.01340352042502,
        "SS Score": 65.92442074925833,
        "ICAT Score": 59.30064255074013
      },
      "profession": {
        "Count": 7194.0,
        "LM Score": 86.40736358923583,
        "SS Score": 59.461250085634404,
        "ICAT Score": 70.05693006607382
      },
      "race": {
        "Count": 8928.0,
        "LM Score": 86.5805318798228,
        "SS Score": 62.86426800600195,
        "ICAT Score": 64.30462855573808
      },
      "religion": {
        "Count": 741.0,
        "LM Score": 91.08204018752777,
        "SS Score": 56.0859847659996,
        "ICAT Score": 79.99556200677863
      },
      "overall": {
        "Count": 6392.0,
        "LM Score": 86.73720368905661,
        "SS Score": 61.725955693211006,
        "ICAT Score": 66.39567154083869
      }
    },
    "overall": {
      "Count": 6392.0,
      "LM Score": 86.73720368905661,
      "SS Score": 61.725955693211006,
      "ICAT Score": 66.39567154083869
    }
  }
}