{
  "stereoset_m-CDALlama2LMHeadModel_c-meta-llama_Llama-2-7b-hf_t-religion_s-42_ckpt_1200": {
    "intrasentence": {
      "gender": {
        "Count": 2313.0,
        "LM Score": 87.80333380457067,
        "SS Score": 66.30980826510562,
        "ICAT Score": 59.162223016778384
      },
      "profession": {
        "Count": 7194.0,
        "LM Score": 86.74421296867547,
        "SS Score": 59.168669385501836,
        "ICAT Score": 70.83763277236855
      },
      "race": {
        "Count": 8928.0,
        "LM Score": 86.99541914635691,
        "SS Score": 62.54546329046854,
        "ICAT Score": 65.16746239956602
      },
      "religion": {
        "Count": 741.0,
        "LM Score": 91.04864852300274,
        "SS Score": 57.375678080782514,
        "ICAT Score": 77.61773809908308
      },
      "overall": {
        "Count": 6392.0,
        "LM Score": 87.1528900064598,
        "SS Score": 61.564020442968264,
        "ICAT Score": 66.99613397249048
      }
    },
    "overall": {
      "Count": 6392.0,
      "LM Score": 87.1528900064598,
      "SS Score": 61.564020442968264,
      "ICAT Score": 66.99613397249048
    }
  }
}