{
  "stereoset_m-CDALlama2LMHeadModel_c-meta-llama_Llama-2-7b-hf_t-religion_s-42_ckpt_400": {
    "intrasentence": {
      "gender": {
        "Count": 2313.0,
        "LM Score": 87.21525537227687,
        "SS Score": 65.57072777020304,
        "ICAT Score": 60.055155396067654
      },
      "profession": {
        "Count": 7194.0,
        "LM Score": 86.02990259183896,
        "SS Score": 59.97590222548684,
        "ICAT Score": 68.86538465735211
      },
      "race": {
        "Count": 8928.0,
        "LM Score": 86.42271520956358,
        "SS Score": 63.222464118526645,
        "ICAT Score": 63.56829019188155
      },
      "religion": {
        "Count": 741.0,
        "LM Score": 91.10124141640642,
        "SS Score": 57.5580789800293,
        "ICAT Score": 77.33023386032811
      },
      "overall": {
        "Count": 6392.0,
        "LM Score": 86.54887142918247,
        "SS Score": 62.09551318022183,
        "ICAT Score": 65.61181112708245
      }
    },
    "overall": {
      "Count": 6392.0,
      "LM Score": 86.54887142918247,
      "SS Score": 62.09551318022183,
      "ICAT Score": 65.61181112708245
    }
  }
}