{
  "stereoset_m-CDALlama2LMHeadModel_c-meta-llama_Llama-2-7b-hf_t-religion_s-42_ckpt_700": {
    "intrasentence": {
      "gender": {
        "Count": 2313.0,
        "LM Score": 87.21933481403747,
        "SS Score": 66.22392754301801,
        "ICAT Score": 58.91853144657403
      },
      "profession": {
        "Count": 7194.0,
        "LM Score": 86.40981999535384,
        "SS Score": 59.34074699816749,
        "ICAT Score": 70.26717466067795
      },
      "race": {
        "Count": 8928.0,
        "LM Score": 86.59396749337468,
        "SS Score": 62.912333707409125,
        "ICAT Score": 64.23136338691484
      },
      "religion": {
        "Count": 741.0,
        "LM Score": 91.45282253828788,
        "SS Score": 56.49750739974446,
        "ICAT Score": 79.56851471488703
      },
      "overall": {
        "Count": 6392.0,
        "LM Score": 86.78370898181363,
        "SS Score": 61.75601789942373,
        "ICAT Score": 66.37909225844201
      }
    },
    "overall": {
      "Count": 6392.0,
      "LM Score": 86.78370898181363,
      "SS Score": 61.75601789942373,
      "ICAT Score": 66.37909225844201
    }
  }
}