{
  "stereoset_m-DropoutPhi2LMHeadModel_c-microsoft_phi-2_s-42_ckpt_400": {
    "intrasentence": {
      "gender": {
        "Count": 2313.0,
        "LM Score": 92.16199570831006,
        "SS Score": 70.03358207213779,
        "ICAT Score": 55.23529760922125
      },
      "profession": {
        "Count": 7194.0,
        "LM Score": 91.56560434145031,
        "SS Score": 67.23406185062723,
        "ICAT Score": 60.00465856923799
      },
      "race": {
        "Count": 8928.0,
        "LM Score": 91.9799506627013,
        "SS Score": 59.93267003325399,
        "ICAT Score": 73.70782067054942
      },
      "religion": {
        "Count": 741.0,
        "LM Score": 92.91787949710333,
        "SS Score": 68.50762897914053,
        "ICAT Score": 58.52408671188578
      },
      "overall": {
        "Count": 6392.0,
        "LM Score": 91.8833041418967,
        "SS Score": 64.21914629458904,
        "ICAT Score": 65.75326126941974
      }
    },
    "overall": {
      "Count": 6392.0,
      "LM Score": 91.8833041418967,
      "SS Score": 64.21914629458904,
      "ICAT Score": 65.75326126941974
    }
  }
}