{
  "stereoset_m-CDALlama2LMHeadModel_c-meta-llama_Llama-2-7b-hf_t-religion_s-42_ckpt_900": {
    "intrasentence": {
      "gender": {
        "Count": 2298.0,
        "LM Score": 70.79901432437664,
        "SS Score": 57.639785674743194,
        "ICAT Score": 59.981228415950426
      },
      "profession": {
        "Count": 0,
        "LM Score": NaN,
        "SS Score": NaN,
        "ICAT Score": NaN
      },
      "race": {
        "Count": 8877.0,
        "LM Score": 74.81551265561822,
        "SS Score": 51.07330488409418,
        "ICAT Score": 73.20951555283253
      },
      "religion": {
        "Count": 735.0,
        "LM Score": 78.84029586136866,
        "SS Score": 44.32342030043179,
        "ICAT Score": 69.88943140147673
      },
      "overall": {
        "Count": 3970.0,
        "LM Score": 74.26109225373997,
        "SS Score": 51.96965661084753,
        "ICAT Score": 71.33571522801323
      }
    },
    "overall": {
      "Count": 3970.0,
      "LM Score": 74.26109225373997,
      "SS Score": 51.96965661084753,
      "ICAT Score": 71.33571522801323
    }
  }
}