{
  "stereoset_m-CDALlama2LMHeadModel_c-meta-llama_Llama-2-7b-hf_t-religion_s-42_ckpt_1900": {
    "intrasentence": {
      "gender": {
        "Count": 2298.0,
        "LM Score": 72.2156560798115,
        "SS Score": 57.52562767437829,
        "ICAT Score": 61.346293281459204
      },
      "profession": {
        "Count": 0,
        "LM Score": NaN,
        "SS Score": NaN,
        "ICAT Score": NaN
      },
      "race": {
        "Count": 8877.0,
        "LM Score": 75.4362300139369,
        "SS Score": 51.34325024234273,
        "ICAT Score": 73.40963532898407
      },
      "religion": {
        "Count": 735.0,
        "LM Score": 79.67656864208587,
        "SS Score": 45.51683593829188,
        "ICAT Score": 72.53250606015747
      },
      "overall": {
        "Count": 3970.0,
        "LM Score": 75.0516631036052,
        "SS Score": 52.218471256978326,
        "ICAT Score": 71.72166395592981
      }
    },
    "overall": {
      "Count": 3970.0,
      "LM Score": 75.0516631036052,
      "SS Score": 52.218471256978326,
      "ICAT Score": 71.72166395592981
    }
  }
}