{
  "stereoset_m-CDALlama2LMHeadModel_c-meta-llama_Llama-2-7b-hf_t-religion_s-42_ckpt_600": {
    "intrasentence": {
      "gender": {
        "Count": 2298.0,
        "LM Score": 70.4575111415691,
        "SS Score": 57.7423178381949,
        "ICAT Score": 59.547422234645374
      },
      "profession": {
        "Count": 0,
        "LM Score": NaN,
        "SS Score": NaN,
        "ICAT Score": NaN
      },
      "race": {
        "Count": 8877.0,
        "LM Score": 74.45355395377854,
        "SS Score": 50.957247071678005,
        "ICAT Score": 73.02814502381304
      },
      "religion": {
        "Count": 735.0,
        "LM Score": 77.22432314386337,
        "SS Score": 44.32342030043179,
        "ICAT Score": 68.45692264243637
      },
      "overall": {
        "Count": 3970.0,
        "LM Score": 73.82891999551855,
        "SS Score": 51.90361340098255,
        "ICAT Score": 71.0180855658478
      }
    },
    "overall": {
      "Count": 3970.0,
      "LM Score": 73.82891999551855,
      "SS Score": 51.90361340098255,
      "ICAT Score": 71.0180855658478
    }
  }
}