{
  "stereoset_m-CDALlama2LMHeadModel_c-meta-llama_Llama-2-7b-hf_t-religion_s-42_ckpt_1100": {
    "intrasentence": {
      "gender": {
        "Count": 2298.0,
        "LM Score": 70.87161228465575,
        "SS Score": 57.50953876116294,
        "ICAT Score": 60.22734989430107
      },
      "profession": {
        "Count": 0,
        "LM Score": NaN,
        "SS Score": NaN,
        "ICAT Score": NaN
      },
      "race": {
        "Count": 8877.0,
        "LM Score": 74.72435741712364,
        "SS Score": 51.00762983535535,
        "ICAT Score": 73.21846757789862
      },
      "religion": {
        "Count": 735.0,
        "LM Score": 79.1202390627678,
        "SS Score": 44.72024569725719,
        "ICAT Score": 70.76553061025403
      },
      "overall": {
        "Count": 3970.0,
        "LM Score": 74.22422965947077,
        "SS Score": 51.91862200990367,
        "ICAT Score": 71.37606484561466
      }
    },
    "overall": {
      "Count": 3970.0,
      "LM Score": 74.22422965947077,
      "SS Score": 51.91862200990367,
      "ICAT Score": 71.37606484561466
    }
  }
}