{
  "stereoset_m-CDALlama2LMHeadModel_c-meta-llama_Llama-2-7b-hf_t-religion_s-42_ckpt_1700": {
    "intrasentence": {
      "gender": {
        "Count": 2298.0,
        "LM Score": 72.32213888338326,
        "SS Score": 57.61937312969297,
        "ICAT Score": 61.301151649583794
      },
      "profession": {
        "Count": 0,
        "LM Score": NaN,
        "SS Score": NaN,
        "ICAT Score": NaN
      },
      "race": {
        "Count": 8877.0,
        "LM Score": 75.54224962668987,
        "SS Score": 51.48114677770646,
        "ICAT Score": 73.30446643438448
      },
      "religion": {
        "Count": 735.0,
        "LM Score": 79.67656864208587,
        "SS Score": 45.92835857203673,
        "ICAT Score": 73.18828028766434
      },
      "overall": {
        "Count": 3970.0,
        "LM Score": 75.15149665852782,
        "SS Score": 52.36385530868388,
        "ICAT Score": 71.59855137189182
      }
    },
    "overall": {
      "Count": 3970.0,
      "LM Score": 75.15149665852782,
      "SS Score": 52.36385530868388,
      "ICAT Score": 71.59855137189182
    }
  }
}