{
  "stereoset_m-CDALlama2LMHeadModel_c-meta-llama_Llama-2-7b-hf_t-religion_s-42_ckpt_1800": {
    "intrasentence": {
      "gender": {
        "Count": 2298.0,
        "LM Score": 72.37520097667523,
        "SS Score": 57.857772448552055,
        "ICAT Score": 61.00104377281651
      },
      "profession": {
        "Count": 0,
        "LM Score": NaN,
        "SS Score": NaN,
        "ICAT Score": NaN
      },
      "race": {
        "Count": 8877.0,
        "LM Score": 75.27357267996368,
        "SS Score": 51.19443989289155,
        "ICAT Score": 73.47537751817528
      },
      "religion": {
        "Count": 735.0,
        "LM Score": 79.88232995895831,
        "SS Score": 45.13176833100205,
        "ICAT Score": 72.10461618896741
      },
      "overall": {
        "Count": 3970.0,
        "LM Score": 74.97441257741302,
        "SS Score": 52.15059734429161,
        "ICAT Score": 71.74961712583686
      }
    },
    "overall": {
      "Count": 3970.0,
      "LM Score": 74.97441257741302,
      "SS Score": 52.15059734429161,
      "ICAT Score": 71.74961712583686
    }
  }
}