{
  "stereoset_m-CDALlama2LMHeadModel_c-meta-llama_Llama-2-7b-hf_t-religion_s-42_ckpt_1000": {
    "intrasentence": {
      "gender": {
        "Count": 2298.0,
        "LM Score": 71.0601709482144,
        "SS Score": 57.99805240477404,
        "ICAT Score": 59.69331152549399
      },
      "profession": {
        "Count": 0,
        "LM Score": NaN,
        "SS Score": NaN,
        "ICAT Score": NaN
      },
      "race": {
        "Count": 8877.0,
        "LM Score": 74.87625226791944,
        "SS Score": 50.80619015680246,
        "ICAT Score": 73.66896231678636
      },
      "religion": {
        "Count": 735.0,
        "LM Score": 78.86771381024253,
        "SS Score": 44.734942934176644,
        "ICAT Score": 70.56285353300349
      },
      "overall": {
        "Count": 3970.0,
        "LM Score": 74.35941486193101,
        "SS Score": 51.86615490966769,
        "ICAT Score": 71.58409111943882
      }
    },
    "overall": {
      "Count": 3970.0,
      "LM Score": 74.35941486193101,
      "SS Score": 51.86615490966769,
      "ICAT Score": 71.58409111943882
    }
  }
}