{
  "stereoset_m-CDALlama2LMHeadModel_c-meta-llama_Llama-2-7b-hf_t-religion_s-42_ckpt_1300": {
    "intrasentence": {
      "gender": {
        "Count": 2298.0,
        "LM Score": 71.00036686341033,
        "SS Score": 57.642872094496276,
        "ICAT Score": 60.147432411423196
      },
      "profession": {
        "Count": 0,
        "LM Score": NaN,
        "SS Score": NaN,
        "ICAT Score": NaN
      },
      "race": {
        "Count": 8877.0,
        "LM Score": 74.66475320562746,
        "SS Score": 51.10267421294059,
        "ICAT Score": 73.01813524611909
      },
      "religion": {
        "Count": 735.0,
        "LM Score": 78.4300033725321,
        "SS Score": 43.91189766668694,
        "ICAT Score": 68.88020564185082
      },
      "overall": {
        "Count": 3970.0,
        "LM Score": 74.16446150323027,
        "SS Score": 51.96773307827209,
        "ICAT Score": 71.24574422058741
      }
    },
    "overall": {
      "Count": 3970.0,
      "LM Score": 74.16446150323027,
      "SS Score": 51.96773307827209,
      "ICAT Score": 71.24574422058741
    }
  }
}