{
  "stereoset_m-CDALlama2LMHeadModel_c-meta-llama_Llama-2-7b-hf_t-religion_s-42_ckpt_1400": {
    "intrasentence": {
      "gender": {
        "Count": 2298.0,
        "LM Score": 71.5938650319085,
        "SS Score": 57.25953876116295,
        "ICAT Score": 61.19909626669634
      },
      "profession": {
        "Count": 0,
        "LM Score": NaN,
        "SS Score": NaN,
        "ICAT Score": NaN
      },
      "race": {
        "Count": 8877.0,
        "LM Score": 75.08058458408448,
        "SS Score": 51.11310759032031,
        "ICAT Score": 73.40912921235987
      },
      "religion": {
        "Count": 735.0,
        "LM Score": 79.09405125880221,
        "SS Score": 45.13176833100205,
        "ICAT Score": 71.39308795545324
      },
      "overall": {
        "Count": 3970.0,
        "LM Score": 74.63005572557908,
        "SS Score": 51.97206076000067,
        "ICAT Score": 71.68655563731753
      }
    },
    "overall": {
      "Count": 3970.0,
      "LM Score": 74.63005572557908,
      "SS Score": 51.97206076000067,
      "ICAT Score": 71.68655563731753
    }
  }
}