{
  "stereoset_m-CDALlama2LMHeadModel_c-meta-llama_Llama-2-7b-hf_t-religion_s-42_ckpt_300": {
    "intrasentence": {
      "gender": {
        "Count": 2298.0,
        "LM Score": 71.21704055472172,
        "SS Score": 56.89044611893187,
        "ICAT Score": 61.4026969408798
      },
      "profession": {
        "Count": 0,
        "LM Score": NaN,
        "SS Score": NaN,
        "ICAT Score": NaN
      },
      "race": {
        "Count": 8877.0,
        "LM Score": 74.13003726348285,
        "SS Score": 51.19672373491481,
        "ICAT Score": 72.35577376221626
      },
      "religion": {
        "Count": 735.0,
        "LM Score": 76.99849249657679,
        "SS Score": 45.94112996411846,
        "ICAT Score": 70.74795501652868
      },
      "overall": {
        "Count": 3970.0,
        "LM Score": 73.72494644660793,
        "SS Score": 52.00929825848945,
        "ICAT Score": 70.76223831655999
      }
    },
    "overall": {
      "Count": 3970.0,
      "LM Score": 73.72494644660793,
      "SS Score": 52.00929825848945,
      "ICAT Score": 70.76223831655999
    }
  }
}