{
  "stereoset_m-CDALlama2LMHeadModel_c-meta-llama_Llama-2-7b-hf_t-religion_s-42_ckpt_700": {
    "intrasentence": {
      "gender": {
        "Count": 2298.0,
        "LM Score": 70.72576510982307,
        "SS Score": 57.87954727542434,
        "ICAT Score": 59.5800249143549
      },
      "profession": {
        "Count": 0,
        "LM Score": NaN,
        "SS Score": NaN,
        "ICAT Score": NaN
      },
      "race": {
        "Count": 8877.0,
        "LM Score": 74.60333033317572,
        "SS Score": 50.97573071308028,
        "ICAT Score": 73.14747511909266
      },
      "religion": {
        "Count": 735.0,
        "LM Score": 78.02582935724698,
        "SS Score": 44.734942934176644,
        "ICAT Score": 69.80962047376497
      },
      "overall": {
        "Count": 3970.0,
        "LM Score": 74.04066937604456,
        "SS Score": 51.9688057582131,
        "ICAT Score": 71.12523545185438
      }
    },
    "overall": {
      "Count": 3970.0,
      "LM Score": 74.04066937604456,
      "SS Score": 51.9688057582131,
      "ICAT Score": 71.12523545185438
    }
  }
}