{
  "stereoset_m-CDALlama2LMHeadModel_c-meta-llama_Llama-2-7b-hf_t-religion_s-42_ckpt_100": {
    "intrasentence": {
      "gender": {
        "Count": 2298.0,
        "LM Score": 73.93497049621487,
        "SS Score": 58.09621193769121,
        "ICAT Score": 61.963106681328824
      },
      "profession": {
        "Count": 0,
        "LM Score": NaN,
        "SS Score": NaN,
        "ICAT Score": NaN
      },
      "race": {
        "Count": 8877.0,
        "LM Score": 75.05112762882746,
        "SS Score": 51.662951508223564,
        "ICAT Score": 72.5549999111427
      },
      "religion": {
        "Count": 735.0,
        "LM Score": 77.26935013333481,
        "SS Score": 49.20290295769223,
        "ICAT Score": 76.03752672428831
      },
      "overall": {
        "Count": 3970.0,
        "LM Score": 74.96217557989449,
        "SS Score": 52.787013191968605,
        "ICAT Score": 70.78376413509784
      }
    },
    "overall": {
      "Count": 3970.0,
      "LM Score": 74.96217557989449,
      "SS Score": 52.787013191968605,
      "ICAT Score": 70.78376413509784
    }
  }
}