{
  "stereoset_m-CDALlama2LMHeadModel_c-meta-llama_Llama-2-7b-hf_t-religion_s-42_ckpt_400": {
    "intrasentence": {
      "gender": {
        "Count": 2298.0,
        "LM Score": 70.60483585121266,
        "SS Score": 56.91851095856593,
        "ICAT Score": 60.83522923992538
      },
      "profession": {
        "Count": 0,
        "LM Score": NaN,
        "SS Score": NaN,
        "ICAT Score": NaN
      },
      "race": {
        "Count": 8877.0,
        "LM Score": 73.97195563841971,
        "SS Score": 50.93269955707763,
        "ICAT Score": 72.59208343321731
      },
      "religion": {
        "Count": 735.0,
        "LM Score": 76.82749774703797,
        "SS Score": 45.94112996411846,
        "ICAT Score": 70.5908411762938
      },
      "overall": {
        "Count": 3970.0,
        "LM Score": 73.47647067369178,
        "SS Score": 51.81855623936722,
        "ICAT Score": 70.80404878988529
      }
    },
    "overall": {
      "Count": 3970.0,
      "LM Score": 73.47647067369178,
      "SS Score": 51.81855623936722,
      "ICAT Score": 70.80404878988529
    }
  }
}