{
  "stereoset_m-CDALlama2LMHeadModel_c-meta-llama_Llama-2-7b-hf_t-religion_s-42_ckpt_1200": {
    "intrasentence": {
      "gender": {
        "Count": 2298.0,
        "LM Score": 71.61157367860265,
        "SS Score": 57.61174070252032,
        "ICAT Score": 60.7097990757836
      },
      "profession": {
        "Count": 0,
        "LM Score": NaN,
        "SS Score": NaN,
        "ICAT Score": NaN
      },
      "race": {
        "Count": 8877.0,
        "LM Score": 75.13119369610388,
        "SS Score": 51.25775586097858,
        "ICAT Score": 73.24125971183206
      },
      "religion": {
        "Count": 735.0,
        "LM Score": 79.45023119352621,
        "SS Score": 44.72024569725719,
        "ICAT Score": 71.06067719356759
      },
      "overall": {
        "Count": 3970.0,
        "LM Score": 74.69226433394445,
        "SS Score": 52.12474239895726,
        "ICAT Score": 71.51822791585535
      }
    },
    "overall": {
      "Count": 3970.0,
      "LM Score": 74.69226433394445,
      "SS Score": 52.12474239895726,
      "ICAT Score": 71.51822791585535
    }
  }
}