{
  "stereoset_m-DropoutLlama2LMHeadModel_c-meta-llama_Llama-2-7b-hf_s-42_ckpt_1800": {
    "intrasentence": {
      "gender": {
        "Count": 2313.0,
        "LM Score": 90.06622881717837,
        "SS Score": 65.96075114938184,
        "ICAT Score": 61.31573551489303
      },
      "profession": {
        "Count": 7194.0,
        "LM Score": 88.98568840027224,
        "SS Score": 60.687911669821794,
        "ICAT Score": 69.96426485026433
      },
      "race": {
        "Count": 8928.0,
        "LM Score": 89.3669277412642,
        "SS Score": 63.45419558309751,
        "ICAT Score": 65.319725251434
      },
      "religion": {
        "Count": 741.0,
        "LM Score": 92.07962127409661,
        "SS Score": 58.80835623450875,
        "ICAT Score": 75.85821915167874
      },
      "overall": {
        "Count": 6392.0,
        "LM Score": 89.41272002797345,
        "SS Score": 62.56336318911576,
        "ICAT Score": 66.94623051921035
      }
    },
    "overall": {
      "Count": 6392.0,
      "LM Score": 89.41272002797345,
      "SS Score": 62.56336318911576,
      "ICAT Score": 66.94623051921035
    }
  }
}