{
  "stereoset_m-DropoutLlama2LMHeadModel_c-meta-llama_Llama-2-7b-hf_s-42_ckpt_400": {
    "intrasentence": {
      "gender": {
        "Count": 2313.0,
        "LM Score": 91.3438444433572,
        "SS Score": 68.33738267026622,
        "ICAT Score": 57.84370384073496
      },
      "profession": {
        "Count": 7194.0,
        "LM Score": 89.74782433593997,
        "SS Score": 62.0441624158462,
        "ICAT Score": 68.12907688052206
      },
      "race": {
        "Count": 8928.0,
        "LM Score": 89.87175045437401,
        "SS Score": 63.59439052424076,
        "ICAT Score": 65.43671699889657
      },
      "religion": {
        "Count": 741.0,
        "LM Score": 93.42560371326903,
        "SS Score": 58.44092531152228,
        "ICAT Score": 77.65363285071737
      },
      "overall": {
        "Count": 6392.0,
        "LM Score": 90.1403213152851,
        "SS Score": 63.414175845359715,
        "ICAT Score": 65.95715889767588
      }
    },
    "overall": {
      "Count": 6392.0,
      "LM Score": 90.1403213152851,
      "SS Score": 63.414175845359715,
      "ICAT Score": 65.95715889767588
    }
  }
}