{
  "stereoset_m-DropoutLlama2LMHeadModel_c-meta-llama_Llama-2-7b-hf_s-42_ckpt_800": {
    "intrasentence": {
      "gender": {
        "Count": 2313.0,
        "LM Score": 90.40291990386942,
        "SS Score": 66.5229077029177,
        "ICAT Score": 60.52853787095149
      },
      "profession": {
        "Count": 7194.0,
        "LM Score": 89.25074180388364,
        "SS Score": 60.77590239290787,
        "ICAT Score": 70.01559616041821
      },
      "race": {
        "Count": 8928.0,
        "LM Score": 89.41312536334976,
        "SS Score": 63.344942717152904,
        "ICAT Score": 65.54886464063948
      },
      "religion": {
        "Count": 741.0,
        "LM Score": 92.4380442131647,
        "SS Score": 58.37312837992605,
        "ICAT Score": 76.95813198544253
      },
      "overall": {
        "Count": 6392.0,
        "LM Score": 89.58793356794472,
        "SS Score": 62.59857491283824,
        "ICAT Score": 67.01432772110218
      }
    },
    "overall": {
      "Count": 6392.0,
      "LM Score": 89.58793356794472,
      "SS Score": 62.59857491283824,
      "ICAT Score": 67.01432772110218
    }
  }
}