{
  "stereoset_m-DropoutLlama2LMHeadModel_c-meta-llama_Llama-2-7b-hf_s-42_ckpt_100": {
    "intrasentence": {
      "gender": {
        "Count": 2313.0,
        "LM Score": 91.32823569807577,
        "SS Score": 67.80239684612499,
        "ICAT Score": 58.81100579500409
      },
      "profession": {
        "Count": 7194.0,
        "LM Score": 90.57238348460884,
        "SS Score": 63.361235944467715,
        "ICAT Score": 66.36920376879544
      },
      "race": {
        "Count": 8928.0,
        "LM Score": 91.45404652654467,
        "SS Score": 64.38457799641466,
        "ICAT Score": 65.14348921956834
      },
      "religion": {
        "Count": 741.0,
        "LM Score": 93.8366195457408,
        "SS Score": 62.371790424565106,
        "ICAT Score": 70.6180797223497
      },
      "overall": {
        "Count": 6392.0,
        "LM Score": 91.19916701639787,
        "SS Score": 64.35283705703218,
        "ICAT Score": 65.01983133792943
      }
    },
    "overall": {
      "Count": 6392.0,
      "LM Score": 91.19916701639787,
      "SS Score": 64.35283705703218,
      "ICAT Score": 65.01983133792943
    }
  }
}