{
  "stereoset_m-SelfDebiasPhi2LMHeadModel_c-microsoft_phi-2_t-gender_s-42": {
    "intrasentence": {
      "gender": {
        "Count": 2298.0,
        "LM Score": 69.92574455732876,
        "SS Score": 50.22856551707126,
        "ICAT Score": 69.60609227810198
      },
      "profession": {
        "Count": 0,
        "LM Score": NaN,
        "SS Score": NaN,
        "ICAT Score": NaN
      },
      "race": {
        "Count": 8877.0,
        "LM Score": 76.35966071680576,
        "SS Score": 51.73529579816417,
        "ICAT Score": 73.70952874898347
      },
      "religion": {
        "Count": 735.0,
        "LM Score": 79.32316689979524,
        "SS Score": 50.70837917581213,
        "ICAT Score": 78.19934930796956
      },
      "overall": {
        "Count": 3970.0,
        "LM Score": 75.26527960405969,
        "SS Score": 51.37711054794077,
        "ICAT Score": 73.19230739533045
      }
    },
    "overall": {
      "Count": 3970.0,
      "LM Score": 75.26527960405969,
      "SS Score": 51.37711054794077,
      "ICAT Score": 73.19230739533045
    }
  }
}