{
  "stereoset_m-SelfDebiasGPT2LMHeadModel_c-gpt2_t-gender_s-42": {
    "intrasentence": {
      "gender": {
        "Count": 2298.0,
        "LM Score": 72.73954372251474,
        "SS Score": 51.36564343166042,
        "ICAT Score": 70.75281812038217
      },
      "profession": {
        "Count": 0,
        "LM Score": NaN,
        "SS Score": NaN,
        "ICAT Score": NaN
      },
      "race": {
        "Count": 8877.0,
        "LM Score": 76.13543856461365,
        "SS Score": 49.52827589616061,
        "ICAT Score": 75.41714013406742
      },
      "religion": {
        "Count": 735.0,
        "LM Score": 80.12232339818546,
        "SS Score": 50.57278679884044,
        "ICAT Score": 79.20446321548735
      },
      "overall": {
        "Count": 3970.0,
        "LM Score": 75.70126171092404,
        "SS Score": 49.95276026582582,
        "ICAT Score": 75.62973956132657
      }
    },
    "overall": {
      "Count": 3970.0,
      "LM Score": 75.70126171092404,
      "SS Score": 49.95276026582582,
      "ICAT Score": 75.62973956132657
    }
  }
}