{
  "stereoset_m-SelfDebiasGPT2LMHeadModel_c-gpt2_t-race-color_s-42": {
    "intrasentence": {
      "gender": {
        "Count": 2298.0,
        "LM Score": 75.28226674393592,
        "SS Score": 51.09718959294172,
        "ICAT Score": 73.63028835184575
      },
      "profession": {
        "Count": 0,
        "LM Score": NaN,
        "SS Score": NaN,
        "ICAT Score": NaN
      },
      "race": {
        "Count": 8877.0,
        "LM Score": 76.28773620711351,
        "SS Score": 50.253382968353556,
        "ICAT Score": 75.90113594613088
      },
      "religion": {
        "Count": 735.0,
        "LM Score": 80.6891806221308,
        "SS Score": 52.20866759180935,
        "ICAT Score": 77.12486905713577
      },
      "overall": {
        "Count": 3970.0,
        "LM Score": 76.34990012711238,
        "SS Score": 50.535697181174264,
        "ICAT Score": 75.53189160149176
      }
    },
    "overall": {
      "Count": 3970.0,
      "LM Score": 76.34990012711238,
      "SS Score": 50.535697181174264,
      "ICAT Score": 75.53189160149176
    }
  }
}