{
  "stereoset_m-SelfDebiasLlama2LMHeadModel_c-meta-llama_Llama-2-7b-hf_t-religion_s-42": {
    "intrasentence": {
      "gender": {
        "Count": 2298.0,
        "LM Score": 70.02919794773867,
        "SS Score": 54.54222260239251,
        "ICAT Score": 63.66743383282591
      },
      "profession": {
        "Count": 0,
        "LM Score": NaN,
        "SS Score": NaN,
        "ICAT Score": NaN
      },
      "race": {
        "Count": 8877.0,
        "LM Score": 71.16173023768152,
        "SS Score": 47.47245204751321,
        "ICAT Score": 67.56443652652814
      },
      "religion": {
        "Count": 735.0,
        "LM Score": 70.671230642495,
        "SS Score": 44.27104469250063,
        "ICAT Score": 62.57378420495833
      },
      "overall": {
        "Count": 3970.0,
        "LM Score": 70.90916138863571,
        "SS Score": 48.67824448469259,
        "ICAT Score": 69.03466988561065
      }
    },
    "overall": {
      "Count": 3970.0,
      "LM Score": 70.90916138863571,
      "SS Score": 48.67824448469259,
      "ICAT Score": 69.03466988561065
    }
  }
}