{
  "stereoset_m-SelfDebiasLlama2LMHeadModel_c-meta-llama_Llama-2-7b-hf_t-gender_s-42": {
    "intrasentence": {
      "gender": {
        "Count": 2298.0,
        "LM Score": 63.770021601106045,
        "SS Score": 53.909929778145674,
        "ICAT Score": 58.78329547288289
      },
      "profession": {
        "Count": 0,
        "LM Score": NaN,
        "SS Score": NaN,
        "ICAT Score": NaN
      },
      "race": {
        "Count": 8877.0,
        "LM Score": 70.74027551681381,
        "SS Score": 47.716389474696015,
        "ICAT Score": 67.50941076215182
      },
      "religion": {
        "Count": 735.0,
        "LM Score": 72.57545810227803,
        "SS Score": 45.31214351137723,
        "ICAT Score": 65.77099145868735
      },
      "overall": {
        "Count": 3970.0,
        "LM Score": 69.47322963390556,
        "SS Score": 48.79644207623299,
        "ICAT Score": 67.80092851359413
      }
    },
    "overall": {
      "Count": 3970.0,
      "LM Score": 69.47322963390556,
      "SS Score": 48.79644207623299,
      "ICAT Score": 67.80092851359413
    }
  }
}