{
  "stereoset_m-SelfDebiasPhi2LMHeadModel_c-microsoft_phi-2_t-religion_s-42": {
    "intrasentence": {
      "gender": {
        "Count": 2298.0,
        "LM Score": 75.10108924244356,
        "SS Score": 53.40103026704727,
        "ICAT Score": 69.9926676904082
      },
      "profession": {
        "Count": 0,
        "LM Score": NaN,
        "SS Score": NaN,
        "ICAT Score": NaN
      },
      "race": {
        "Count": 8877.0,
        "LM Score": 76.4625059450952,
        "SS Score": 51.04799384480861,
        "ICAT Score": 74.85986123331317
      },
      "religion": {
        "Count": 735.0,
        "LM Score": 75.7231501292804,
        "SS Score": 49.035455817065014,
        "ICAT Score": 74.2623836498662
      },
      "overall": {
        "Count": 3970.0,
        "LM Score": 76.15002763310913,
        "SS Score": 51.393245492291946,
        "ICAT Score": 74.02811397835441
      }
    },
    "overall": {
      "Count": 3970.0,
      "LM Score": 76.15002763310913,
      "SS Score": 51.393245492291946,
      "ICAT Score": 74.02811397835441
    }
  }
}