{
  "stereoset_m-CDALlama2LMHeadModel_c-meta-llama_Llama-2-7b-hf_t-race-color_s-42_ckpt_700": {
    "intrasentence": {
      "gender": {
        "Count": 2298.0,
        "LM Score": 70.96147060641063,
        "SS Score": 58.19507894238029,
        "ICAT Score": 59.330773536671956
      },
      "profession": {
        "Count": 0,
        "LM Score": NaN,
        "SS Score": NaN,
        "ICAT Score": NaN
      },
      "race": {
        "Count": 8877.0,
        "LM Score": 73.08778472863327,
        "SS Score": 50.227170881503795,
        "ICAT Score": 72.755716398954
      },
      "religion": {
        "Count": 735.0,
        "LM Score": 76.84684373381691,
        "SS Score": 45.213538412772124,
        "ICAT Score": 69.49035442118456
      },
      "overall": {
        "Count": 3970.0,
        "LM Score": 72.89069332981731,
        "SS Score": 51.50292449734399,
        "ICAT Score": 70.6997091571419
      }
    },
    "overall": {
      "Count": 3970.0,
      "LM Score": 72.89069332981731,
      "SS Score": 51.50292449734399,
      "ICAT Score": 70.6997091571419
    }
  }
}