{
  "stereoset_m-CDALlama2LMHeadModel_c-meta-llama_Llama-2-7b-hf_t-race-color_s-42_ckpt_100": {
    "intrasentence": {
      "gender": {
        "Count": 2298.0,
        "LM Score": 74.30829797065431,
        "SS Score": 58.04859289007216,
        "ICAT Score": 62.34675319625487
      },
      "profession": {
        "Count": 0,
        "LM Score": NaN,
        "SS Score": NaN,
        "ICAT Score": NaN
      },
      "race": {
        "Count": 8877.0,
        "LM Score": 75.23409417138704,
        "SS Score": 50.98940311130013,
        "ICAT Score": 73.7453572344067
      },
      "religion": {
        "Count": 735.0,
        "LM Score": 76.85782749958996,
        "SS Score": 48.777696689574086,
        "ICAT Score": 74.9789559598921
      },
      "overall": {
        "Count": 3970.0,
        "LM Score": 75.14751334199129,
        "SS Score": 52.25170795056083,
        "ICAT Score": 71.76330827685054
      }
    },
    "overall": {
      "Count": 3970.0,
      "LM Score": 75.14751334199129,
      "SS Score": 52.25170795056083,
      "ICAT Score": 71.76330827685054
    }
  }
}