{
  "stereoset_m-CDALlama2LMHeadModel_c-meta-llama_Llama-2-7b-hf_t-race-color_s-42_ckpt_200": {
    "intrasentence": {
      "gender": {
        "Count": 2298.0,
        "LM Score": 71.10799870257641,
        "SS Score": 57.39660420187657,
        "ICAT Score": 60.5888442627662
      },
      "profession": {
        "Count": 0,
        "LM Score": NaN,
        "SS Score": NaN,
        "ICAT Score": NaN
      },
      "race": {
        "Count": 8877.0,
        "LM Score": 73.60264100954679,
        "SS Score": 50.75165750372908,
        "ICAT Score": 72.49616146136472
      },
      "religion": {
        "Count": 735.0,
        "LM Score": 75.55081466001008,
        "SS Score": 46.35163899531715,
        "ICAT Score": 70.03808173845803
      },
      "overall": {
        "Count": 3970.0,
        "LM Score": 73.22562978352744,
        "SS Score": 51.80263272983906,
        "ICAT Score": 70.58565144531015
      }
    },
    "overall": {
      "Count": 3970.0,
      "LM Score": 73.22562978352744,
      "SS Score": 51.80263272983906,
      "ICAT Score": 70.58565144531015
    }
  }
}