{
  "stereoset_m-CDALlama2LMHeadModel_c-meta-llama_Llama-2-7b-hf_t-race-color_s-42_ckpt_1600": {
    "intrasentence": {
      "gender": {
        "Count": 2298.0,
        "LM Score": 71.26588837569598,
        "SS Score": 58.87204340627628,
        "ICAT Score": 58.62040727457568
      },
      "profession": {
        "Count": 0,
        "LM Score": NaN,
        "SS Score": NaN,
        "ICAT Score": NaN
      },
      "race": {
        "Count": 8877.0,
        "LM Score": 73.80732968180737,
        "SS Score": 50.84983708266835,
        "ICAT Score": 72.55284556708081
      },
      "religion": {
        "Count": 735.0,
        "LM Score": 78.10025082055733,
        "SS Score": 46.77732442100258,
        "ICAT Score": 73.06641539989766
      },
      "overall": {
        "Count": 3970.0,
        "LM Score": 73.5599155440798,
        "SS Score": 52.192031659992345,
        "ICAT Score": 70.33500226850008
      }
    },
    "overall": {
      "Count": 3970.0,
      "LM Score": 73.5599155440798,
      "SS Score": 52.192031659992345,
      "ICAT Score": 70.33500226850008
    }
  }
}