{
  "stereoset_m-CDALlama2LMHeadModel_c-meta-llama_Llama-2-7b-hf_t-race-color_s-42_ckpt_1500": {
    "intrasentence": {
      "gender": {
        "Count": 2298.0,
        "LM Score": 70.96003351693007,
        "SS Score": 57.98192642772853,
        "ICAT Score": 59.63207818010434
      },
      "profession": {
        "Count": 0,
        "LM Score": NaN,
        "SS Score": NaN,
        "ICAT Score": NaN
      },
      "race": {
        "Count": 8877.0,
        "LM Score": 73.61861078643331,
        "SS Score": 50.79189268187989,
        "ICAT Score": 72.4526500037945
      },
      "religion": {
        "Count": 735.0,
        "LM Score": 77.48296686994006,
        "SS Score": 46.40695405063221,
        "ICAT Score": 71.91496966479932
      },
      "overall": {
        "Count": 3970.0,
        "LM Score": 73.32270214608111,
        "SS Score": 51.95134376539456,
        "ICAT Score": 70.46114619218835
      }
    },
    "overall": {
      "Count": 3970.0,
      "LM Score": 73.32270214608111,
      "SS Score": 51.95134376539456,
      "ICAT Score": 70.46114619218835
    }
  }
}