{
  "stereoset_m-CDALlama2LMHeadModel_c-meta-llama_Llama-2-7b-hf_t-race-color_s-42_ckpt_1400": {
    "intrasentence": {
      "gender": {
        "Count": 2298.0,
        "LM Score": 70.96497178853501,
        "SS Score": 58.32156031448885,
        "ICAT Score": 59.154185929449135
      },
      "profession": {
        "Count": 0,
        "LM Score": NaN,
        "SS Score": NaN,
        "ICAT Score": NaN
      },
      "race": {
        "Count": 8877.0,
        "LM Score": 73.50410867562036,
        "SS Score": 50.76668891409608,
        "ICAT Score": 72.37701297037812
      },
      "religion": {
        "Count": 735.0,
        "LM Score": 77.48296686994006,
        "SS Score": 46.40695405063221,
        "ICAT Score": 71.91496966479932
      },
      "overall": {
        "Count": 3970.0,
        "LM Score": 73.2385535252014,
        "SS Score": 51.9996397577843,
        "ICAT Score": 70.30953905656928
      }
    },
    "overall": {
      "Count": 3970.0,
      "LM Score": 73.2385535252014,
      "SS Score": 51.9996397577843,
      "ICAT Score": 70.30953905656928
    }
  }
}