{
  "stereoset_m-CDALlama2LMHeadModel_c-meta-llama_Llama-2-7b-hf_t-race-color_s-42_ckpt_1900": {
    "intrasentence": {
      "gender": {
        "Count": 2298.0,
        "LM Score": 70.50191586459702,
        "SS Score": 58.22721053170827,
        "ICAT Score": 58.90123377046056
      },
      "profession": {
        "Count": 0,
        "LM Score": NaN,
        "SS Score": NaN,
        "ICAT Score": NaN
      },
      "race": {
        "Count": 8877.0,
        "LM Score": 73.50307250572871,
        "SS Score": 50.64204651204592,
        "ICAT Score": 72.55922467918947
      },
      "religion": {
        "Count": 735.0,
        "LM Score": 77.07879285465492,
        "SS Score": 47.17414981782798,
        "ICAT Score": 72.72253043805641
      },
      "overall": {
        "Count": 3970.0,
        "LM Score": 73.12245924195494,
        "SS Score": 51.933782369558486,
        "ICAT Score": 70.29440079193792
      }
    },
    "overall": {
      "Count": 3970.0,
      "LM Score": 73.12245924195494,
      "SS Score": 51.933782369558486,
      "ICAT Score": 70.29440079193792
    }
  }
}