{
  "stereoset_m-CDALlama2LMHeadModel_c-meta-llama_Llama-2-7b-hf_t-race-color_s-42_ckpt_1000": {
    "intrasentence": {
      "gender": {
        "Count": 2298.0,
        "LM Score": 70.83746849472736,
        "SS Score": 58.156063529451835,
        "ICAT Score": 59.28237062855658
      },
      "profession": {
        "Count": 0,
        "LM Score": NaN,
        "SS Score": NaN,
        "ICAT Score": NaN
      },
      "race": {
        "Count": 8877.0,
        "LM Score": 73.24422908426382,
        "SS Score": 50.571559618860476,
        "ICAT Score": 72.4069602110812
      },
      "religion": {
        "Count": 735.0,
        "LM Score": 76.90095628792947,
        "SS Score": 46.02188644334238,
        "ICAT Score": 70.78254155335053
      },
      "overall": {
        "Count": 3970.0,
        "LM Score": 72.98572728917762,
        "SS Score": 51.799112636874135,
        "ICAT Score": 70.35953640362945
      }
    },
    "overall": {
      "Count": 3970.0,
      "LM Score": 72.98572728917762,
      "SS Score": 51.799112636874135,
      "ICAT Score": 70.35953640362945
    }
  }
}