{
  "stereoset_m-CDALlama2LMHeadModel_c-meta-llama_Llama-2-7b-hf_t-race-color_s-42_ckpt_2000": {
    "intrasentence": {
      "gender": {
        "Count": 2298.0,
        "LM Score": 70.68901999771565,
        "SS Score": 58.39360881404859,
        "ICAT Score": 58.822300371529984
      },
      "profession": {
        "Count": 0,
        "LM Score": NaN,
        "SS Score": NaN,
        "ICAT Score": NaN
      },
      "race": {
        "Count": 8877.0,
        "LM Score": 73.40648011247713,
        "SS Score": 50.85226621553227,
        "ICAT Score": 72.15524285245702
      },
      "religion": {
        "Count": 735.0,
        "LM Score": 77.07879285465492,
        "SS Score": 46.39225681371275,
        "ICAT Score": 71.51718306008237
      },
      "overall": {
        "Count": 3970.0,
        "LM Score": 73.08757887061368,
        "SS Score": 52.076609592763276,
        "ICAT Score": 70.0520915227225
      }
    },
    "overall": {
      "Count": 3970.0,
      "LM Score": 73.08757887061368,
      "SS Score": 52.076609592763276,
      "ICAT Score": 70.0520915227225
    }
  }
}