{
  "stereoset_m-CDALlama2LMHeadModel_c-meta-llama_Llama-2-7b-hf_t-race-color_s-42_ckpt_1800": {
    "intrasentence": {
      "gender": {
        "Count": 2298.0,
        "LM Score": 70.64161949161948,
        "SS Score": 57.78116275232716,
        "ICAT Score": 59.64814072457432
      },
      "profession": {
        "Count": 0,
        "LM Score": NaN,
        "SS Score": NaN,
        "ICAT Score": NaN
      },
      "race": {
        "Count": 8877.0,
        "LM Score": 73.47464098249483,
        "SS Score": 50.833958400764274,
        "ICAT Score": 72.24914510068503
      },
      "religion": {
        "Count": 735.0,
        "LM Score": 77.2304416174148,
        "SS Score": 47.17414981782798,
        "ICAT Score": 72.86560846713886
      },
      "overall": {
        "Count": 3970.0,
        "LM Score": 73.13787493636337,
        "SS Score": 51.98841796195151,
        "ICAT Score": 70.22930165191481
      }
    },
    "overall": {
      "Count": 3970.0,
      "LM Score": 73.13787493636337,
      "SS Score": 51.98841796195151,
      "ICAT Score": 70.22930165191481
    }
  }
}