{
  "stereoset_m-CDALlama2LMHeadModel_c-meta-llama_Llama-2-7b-hf_t-race-color_s-42_ckpt_1700": {
    "intrasentence": {
      "gender": {
        "Count": 2298.0,
        "LM Score": 70.83503675605125,
        "SS Score": 58.773277974177525,
        "ICAT Score": 58.40592740061286
      },
      "profession": {
        "Count": 0,
        "LM Score": NaN,
        "SS Score": NaN,
        "ICAT Score": NaN
      },
      "race": {
        "Count": 8877.0,
        "LM Score": 73.6065496630171,
        "SS Score": 50.69902899090817,
        "ICAT Score": 72.57748742031369
      },
      "religion": {
        "Count": 735.0,
        "LM Score": 77.64196425115966,
        "SS Score": 46.77732442100258,
        "ICAT Score": 72.6376670092076
      },
      "overall": {
        "Count": 3970.0,
        "LM Score": 73.29847955830861,
        "SS Score": 52.060424572282706,
        "ICAT Score": 70.27795979045061
      }
    },
    "overall": {
      "Count": 3970.0,
      "LM Score": 73.29847955830861,
      "SS Score": 52.060424572282706,
      "ICAT Score": 70.27795979045061
    }
  }
}