{
  "stereoset_m-CDAGPT2LMHeadModel_c-gpt2_t-religion_s-42_ckpt_700": {
    "intrasentence": {
      "gender": {
        "Count": 2298.0,
        "LM Score": 76.95540102030607,
        "SS Score": 54.697804142106996,
        "ICAT Score": 69.72497298689208
      },
      "profession": {
        "Count": 0,
        "LM Score": NaN,
        "SS Score": NaN,
        "ICAT Score": NaN
      },
      "race": {
        "Count": 8877.0,
        "LM Score": 78.97855080406683,
        "SS Score": 50.05308293389766,
        "ICAT Score": 78.89470254023351
      },
      "religion": {
        "Count": 735.0,
        "LM Score": 83.72715017351032,
        "SS Score": 49.60239136484347,
        "ICAT Score": 83.06133741538962
      },
      "overall": {
        "Count": 3970.0,
        "LM Score": 78.86041199362056,
        "SS Score": 50.94311853998182,
        "ICAT Score": 77.3729176611848
      }
    },
    "overall": {
      "Count": 3970.0,
      "LM Score": 78.86041199362056,
      "SS Score": 50.94311853998182,
      "ICAT Score": 77.3729176611848
    }
  }
}