{
  "stereoset_m-CDAGPT2LMHeadModel_c-gpt2_t-religion_s-42_ckpt_200": {
    "intrasentence": {
      "gender": {
        "Count": 2298.0,
        "LM Score": 77.00754097643154,
        "SS Score": 53.18713130392291,
        "ICAT Score": 72.09887808674931
      },
      "profession": {
        "Count": 0,
        "LM Score": NaN,
        "SS Score": NaN,
        "ICAT Score": NaN
      },
      "race": {
        "Count": 8877.0,
        "LM Score": 78.63437159410071,
        "SS Score": 50.784881076687284,
        "ICAT Score": 77.3999989892726
      },
      "religion": {
        "Count": 735.0,
        "LM Score": 83.18257838372782,
        "SS Score": 50.793881157865826,
        "ICAT Score": 81.86183675089704
      },
      "overall": {
        "Count": 3970.0,
        "LM Score": 78.58258832157813,
        "SS Score": 51.25954231055357,
        "ICAT Score": 76.60302642430132
      }
    },
    "overall": {
      "Count": 3970.0,
      "LM Score": 78.58258832157813,
      "SS Score": 51.25954231055357,
      "ICAT Score": 76.60302642430132
    }
  }
}