{
  "stereoset_m-CDAGPT2LMHeadModel_c-gpt2_t-religion_s-42_ckpt_1200": {
    "intrasentence": {
      "gender": {
        "Count": 2298.0,
        "LM Score": 77.01848888012056,
        "SS Score": 53.09454618160266,
        "ICAT Score": 72.25174346658488
      },
      "profession": {
        "Count": 0,
        "LM Score": NaN,
        "SS Score": NaN,
        "ICAT Score": NaN
      },
      "race": {
        "Count": 8877.0,
        "LM Score": 79.44062049177808,
        "SS Score": 50.395948065490906,
        "ICAT Score": 78.81153329167574
      },
      "religion": {
        "Count": 735.0,
        "LM Score": 83.46727630252535,
        "SS Score": 50.44013386925264,
        "ICAT Score": 82.73254079702515
      },
      "overall": {
        "Count": 3970.0,
        "LM Score": 79.20098860985046,
        "SS Score": 50.9311823794199,
        "ICAT Score": 77.72597730932787
      }
    },
    "overall": {
      "Count": 3970.0,
      "LM Score": 79.20098860985046,
      "SS Score": 50.9311823794199,
      "ICAT Score": 77.72597730932787
    }
  }
}