{
  "stereoset_m-CDAGPT2LMHeadModel_c-gpt2_t-religion_s-42_ckpt_1100": {
    "intrasentence": {
      "gender": {
        "Count": 2298.0,
        "LM Score": 77.4173380231851,
        "SS Score": 53.136802733979145,
        "ICAT Score": 72.5604796718148
      },
      "profession": {
        "Count": 0,
        "LM Score": NaN,
        "SS Score": NaN,
        "ICAT Score": NaN
      },
      "race": {
        "Count": 8877.0,
        "LM Score": 79.17727822718533,
        "SS Score": 50.09240001331787,
        "ICAT Score": 79.03095859593203
      },
      "religion": {
        "Count": 735.0,
        "LM Score": 84.32142534632955,
        "SS Score": 48.51912668004622,
        "ICAT Score": 81.82403836441247
      },
      "overall": {
        "Count": 3970.0,
        "LM Score": 79.13450926634515,
        "SS Score": 50.60011462924151,
        "ICAT Score": 78.18471373257351
      }
    },
    "overall": {
      "Count": 3970.0,
      "LM Score": 79.13450926634515,
      "SS Score": 50.60011462924151,
      "ICAT Score": 78.18471373257351
    }
  }
}