{
  "stereoset_m-CDAGPT2LMHeadModel_c-gpt2_t-religion_s-42_ckpt_900": {
    "intrasentence": {
      "gender": {
        "Count": 2298.0,
        "LM Score": 76.95018989191904,
        "SS Score": 53.60876139796679,
        "ICAT Score": 71.39629239495561
      },
      "profession": {
        "Count": 0,
        "LM Score": NaN,
        "SS Score": NaN,
        "ICAT Score": NaN
      },
      "race": {
        "Count": 8877.0,
        "LM Score": 79.01554111589277,
        "SS Score": 50.46576349972733,
        "ICAT Score": 78.27949001663303
      },
      "religion": {
        "Count": 735.0,
        "LM Score": 83.61208324809857,
        "SS Score": 49.49609210145608,
        "ICAT Score": 82.76942746485
      },
      "overall": {
        "Count": 3970.0,
        "LM Score": 78.88006968477856,
        "SS Score": 51.028677278429576,
        "ICAT Score": 77.2572269766651
      }
    },
    "overall": {
      "Count": 3970.0,
      "LM Score": 78.88006968477856,
      "SS Score": 51.028677278429576,
      "ICAT Score": 77.2572269766651
    }
  }
}