{
  "stereoset_m-CDAGPT2LMHeadModel_c-gpt2_t-religion_s-42_ckpt_1300": {
    "intrasentence": {
      "gender": {
        "Count": 2298.0,
        "LM Score": 77.02470207943722,
        "SS Score": 53.649762442566036,
        "ICAT Score": 71.40226478344987
      },
      "profession": {
        "Count": 0,
        "LM Score": NaN,
        "SS Score": NaN,
        "ICAT Score": NaN
      },
      "race": {
        "Count": 8877.0,
        "LM Score": 79.1018226874977,
        "SS Score": 49.85474139668424,
        "ICAT Score": 78.87201828183136
      },
      "religion": {
        "Count": 735.0,
        "LM Score": 83.66568900093803,
        "SS Score": 49.46771123016333,
        "ICAT Score": 82.7750028674211
      },
      "overall": {
        "Count": 3970.0,
        "LM Score": 78.96209359920262,
        "SS Score": 50.580842448511646,
        "ICAT Score": 78.04480288348728
      }
    },
    "overall": {
      "Count": 3970.0,
      "LM Score": 78.96209359920262,
      "SS Score": 50.580842448511646,
      "ICAT Score": 78.04480288348728
    }
  }
}