{
  "stereoset_m-CDAGPT2LMHeadModel_c-gpt2_t-religion_s-42_ckpt_400": {
    "intrasentence": {
      "gender": {
        "Count": 2298.0,
        "LM Score": 77.33683914739638,
        "SS Score": 53.720590551100294,
        "ICAT Score": 71.58206488772105
      },
      "profession": {
        "Count": 0,
        "LM Score": NaN,
        "SS Score": NaN,
        "ICAT Score": NaN
      },
      "race": {
        "Count": 8877.0,
        "LM Score": 78.82207670142085,
        "SS Score": 50.551284860702445,
        "ICAT Score": 77.95300834992845
      },
      "religion": {
        "Count": 735.0,
        "LM Score": 84.32923008593508,
        "SS Score": 49.97468758005156,
        "ICAT Score": 84.2865385482178
      },
      "overall": {
        "Count": 3970.0,
        "LM Score": 78.85501916089383,
        "SS Score": 51.142665092189795,
        "ICAT Score": 77.05292160611162
      }
    },
    "overall": {
      "Count": 3970.0,
      "LM Score": 78.85501916089383,
      "SS Score": 51.142665092189795,
      "ICAT Score": 77.05292160611162
    }
  }
}