{
  "stereoset_m-CDAGPT2LMHeadModel_c-gpt2_t-religion_s-42_ckpt_1600": {
    "intrasentence": {
      "gender": {
        "Count": 2298.0,
        "LM Score": 76.8179318201557,
        "SS Score": 53.51071339769491,
        "ICAT Score": 71.42421697167102
      },
      "profession": {
        "Count": 0,
        "LM Score": NaN,
        "SS Score": NaN,
        "ICAT Score": NaN
      },
      "race": {
        "Count": 8877.0,
        "LM Score": 79.12670253277267,
        "SS Score": 50.283563377672685,
        "ICAT Score": 78.67795383208677
      },
      "religion": {
        "Count": 735.0,
        "LM Score": 84.51983804474224,
        "SS Score": 48.54558170650124,
        "ICAT Score": 82.06129407242572
      },
      "overall": {
        "Count": 3970.0,
        "LM Score": 78.99035449480698,
        "SS Score": 50.81759407214719,
        "ICAT Score": 77.69871358297179
      }
    },
    "overall": {
      "Count": 3970.0,
      "LM Score": 78.99035449480698,
      "SS Score": 50.81759407214719,
      "ICAT Score": 77.69871358297179
    }
  }
}