{
  "stereoset_m-CDAGPT2LMHeadModel_c-gpt2_t-religion_s-42_ckpt_1800": {
    "intrasentence": {
      "gender": {
        "Count": 2298.0,
        "LM Score": 77.00300184110779,
        "SS Score": 53.55773828315058,
        "ICAT Score": 71.52387128975532
      },
      "profession": {
        "Count": 0,
        "LM Score": NaN,
        "SS Score": NaN,
        "ICAT Score": NaN
      },
      "race": {
        "Count": 8877.0,
        "LM Score": 79.02095046915218,
        "SS Score": 50.15236371428408,
        "ICAT Score": 78.78015195875743
      },
      "religion": {
        "Count": 735.0,
        "LM Score": 82.94378744570315,
        "SS Score": 47.93423193806335,
        "ICAT Score": 79.51693490487524
      },
      "overall": {
        "Count": 3970.0,
        "LM Score": 78.85494437670236,
        "SS Score": 50.69314036612624,
        "ICAT Score": 77.76179347637974
      }
    },
    "overall": {
      "Count": 3970.0,
      "LM Score": 78.85494437670236,
      "SS Score": 50.69314036612624,
      "ICAT Score": 77.76179347637974
    }
  }
}