{
  "stereoset_m-CDALlama2LMHeadModel_c-meta-llama_Llama-2-7b-hf_t-gender_s-42_ckpt_1800": {
    "intrasentence": {
      "gender": {
        "Count": 2313.0,
        "LM Score": 48.85170991529062,
        "SS Score": 49.600311098936785,
        "ICAT Score": 48.46120019026859
      },
      "profession": {
        "Count": 7194.0,
        "LM Score": 49.70008921120033,
        "SS Score": 47.848912809942775,
        "ICAT Score": 47.56190470626204
      },
      "race": {
        "Count": 8928.0,
        "LM Score": 44.653891974096744,
        "SS Score": 51.88889138701979,
        "ICAT Score": 42.96696493516107
      },
      "religion": {
        "Count": 741.0,
        "LM Score": 47.692422337089255,
        "SS Score": 44.20554783612502,
        "ICAT Score": 42.16539314085753
      },
      "overall": {
        "Count": 6392.0,
        "LM Score": 47.163970746171415,
        "SS Score": 49.81696753355915,
        "ICAT Score": 46.9913199883151
      }
    },
    "overall": {
      "Count": 6392.0,
      "LM Score": 47.163970746171415,
      "SS Score": 49.81696753355915,
      "ICAT Score": 46.9913199883151
    }
  }
}