{
  "stereoset_m-CDALlama2LMHeadModel_c-meta-llama_Llama-2-7b-hf_t-gender_s-42_ckpt_1700": {
    "intrasentence": {
      "gender": {
        "Count": 2313.0,
        "LM Score": 48.85529756489277,
        "SS Score": 48.949577201076444,
        "ICAT Score": 47.828923196685615
      },
      "profession": {
        "Count": 7194.0,
        "LM Score": 49.637145725438536,
        "SS Score": 48.07921144710652,
        "ICAT Score": 47.73029649928398
      },
      "race": {
        "Count": 8928.0,
        "LM Score": 44.560049166759256,
        "SS Score": 51.73580990317298,
        "ICAT Score": 43.013093674168545
      },
      "religion": {
        "Count": 741.0,
        "LM Score": 47.08932882211834,
        "SS Score": 44.60237323295042,
        "ICAT Score": 42.005916388265035
      },
      "overall": {
        "Count": 6392.0,
        "LM Score": 47.07475850197981,
        "SS Score": 49.7652240678801,
        "ICAT Score": 46.85371809584738
      }
    },
    "overall": {
      "Count": 6392.0,
      "LM Score": 47.07475850197981,
      "SS Score": 49.7652240678801,
      "ICAT Score": 46.85371809584738
    }
  }
}