{
  "stereoset_m-CDALlama2LMHeadModel_c-meta-llama_Llama-2-7b-hf_t-gender_s-42_ckpt_200": {
    "intrasentence": {
      "gender": {
        "Count": 2313.0,
        "LM Score": 86.87079107059117,
        "SS Score": 63.169029361258254,
        "ICAT Score": 63.990711105704236
      },
      "profession": {
        "Count": 7194.0,
        "LM Score": 86.52835772274359,
        "SS Score": 59.53664437891867,
        "ICAT Score": 70.02455419687026
      },
      "race": {
        "Count": 8928.0,
        "LM Score": 86.7752474049421,
        "SS Score": 63.56307865991983,
        "ICAT Score": 63.23645727919743
      },
      "religion": {
        "Count": 741.0,
        "LM Score": 90.15442219928686,
        "SS Score": 58.73954718658711,
        "ICAT Score": 74.39624566148358
      },
      "overall": {
        "Count": 6392.0,
        "LM Score": 86.82094497403592,
        "SS Score": 61.837407802440715,
        "ICAT Score": 66.26624634501735
      }
    },
    "overall": {
      "Count": 6392.0,
      "LM Score": 86.82094497403592,
      "SS Score": 61.837407802440715,
      "ICAT Score": 66.26624634501735
    }
  }
}