{
  "stereoset_m-CDALlama2LMHeadModel_c-meta-llama_Llama-2-7b-hf_t-gender_s-42_ckpt_1300": {
    "intrasentence": {
      "gender": {
        "Count": 2313.0,
        "LM Score": 48.41300526430461,
        "SS Score": 48.58242460059052,
        "ICAT Score": 47.040423558821416
      },
      "profession": {
        "Count": 7194.0,
        "LM Score": 49.87587634251521,
        "SS Score": 48.228183272250476,
        "ICAT Score": 48.108458102218506
      },
      "race": {
        "Count": 8928.0,
        "LM Score": 44.65959826690873,
        "SS Score": 51.848481777079286,
        "ICAT Score": 43.00854919554748
      },
      "religion": {
        "Count": 741.0,
        "LM Score": 47.06829656928532,
        "SS Score": 44.097322727899915,
        "ICAT Score": 41.511717281365584
      },
      "overall": {
        "Count": 6392.0,
        "LM Score": 47.15441447123868,
        "SS Score": 49.80894040446825,
        "ICAT Score": 46.974228404110455
      }
    },
    "overall": {
      "Count": 6392.0,
      "LM Score": 47.15441447123868,
      "SS Score": 49.80894040446825,
      "ICAT Score": 46.974228404110455
    }
  }
}