{
  "stereoset_m-CDALlama2LMHeadModel_c-meta-llama_Llama-2-7b-hf_t-gender_s-42_ckpt_200": {
    "intrasentence": {
      "gender": {
        "Count": 2313.0,
        "LM Score": 47.78149768355916,
        "SS Score": 47.51945147232503,
        "ICAT Score": 45.411011208978
      },
      "profession": {
        "Count": 7194.0,
        "LM Score": 49.65349383119705,
        "SS Score": 47.13591644979043,
        "ICAT Score": 46.80925873334977
      },
      "race": {
        "Count": 8928.0,
        "LM Score": 44.720660776442905,
        "SS Score": 51.721820025760834,
        "ICAT Score": 43.18064219064018
      },
      "religion": {
        "Count": 741.0,
        "LM Score": 48.23004634214621,
        "SS Score": 47.820445391820996,
        "ICAT Score": 46.127645946991976
      },
      "overall": {
        "Count": 6392.0,
        "LM Score": 47.065142397239136,
        "SS Score": 49.35027147143906,
        "ICAT Score": 46.45355108291375
      }
    },
    "overall": {
      "Count": 6392.0,
      "LM Score": 47.065142397239136,
      "SS Score": 49.35027147143906,
      "ICAT Score": 46.45355108291375
    }
  }
}