{
  "stereoset_m-CDALlama2LMHeadModel_c-meta-llama_Llama-2-7b-hf_t-gender_s-42_ckpt_900": {
    "intrasentence": {
      "gender": {
        "Count": 2313.0,
        "LM Score": 87.37404210861233,
        "SS Score": 63.17591857029638,
        "ICAT Score": 64.34937682899786
      },
      "profession": {
        "Count": 7194.0,
        "LM Score": 85.91794118454928,
        "SS Score": 58.28425465089633,
        "ICAT Score": 71.68261910747849
      },
      "race": {
        "Count": 8928.0,
        "LM Score": 86.1150288276824,
        "SS Score": 63.33854755897224,
        "ICAT Score": 63.14204067647626
      },
      "religion": {
        "Count": 741.0,
        "LM Score": 90.93571358124565,
        "SS Score": 57.13754836236606,
        "ICAT Score": 77.95455251019746
      },
      "overall": {
        "Count": 6392.0,
        "LM Score": 86.37708946126912,
        "SS Score": 61.20807555832528,
        "ICAT Score": 67.0146705574666
      }
    },
    "overall": {
      "Count": 6392.0,
      "LM Score": 86.37708946126912,
      "SS Score": 61.20807555832528,
      "ICAT Score": 67.0146705574666
    }
  }
}