{
  "stereoset_m-CDALlama2LMHeadModel_c-meta-llama_Llama-2-7b-hf_t-gender_s-42_ckpt_300": {
    "intrasentence": {
      "gender": {
        "Count": 2313.0,
        "LM Score": 47.81834650301667,
        "SS Score": 47.217708656864076,
        "ICAT Score": 45.157455072648325
      },
      "profession": {
        "Count": 7194.0,
        "LM Score": 49.67264616930846,
        "SS Score": 47.630219257805734,
        "ICAT Score": 47.31838056319132
      },
      "race": {
        "Count": 8928.0,
        "LM Score": 44.689306638133,
        "SS Score": 51.71361530246975,
        "ICAT Score": 43.15770104389565
      },
      "religion": {
        "Count": 741.0,
        "LM Score": 48.05903583866753,
        "SS Score": 47.43364158146014,
        "ICAT Score": 45.592301614438064
      },
      "overall": {
        "Count": 6392.0,
        "LM Score": 47.05583273960867,
        "SS Score": 49.47848056330852,
        "ICAT Score": 46.565022111940486
      }
    },
    "overall": {
      "Count": 6392.0,
      "LM Score": 47.05583273960867,
      "SS Score": 49.47848056330852,
      "ICAT Score": 46.565022111940486
    }
  }
}