{
  "stereoset_m-CDALlama2LMHeadModel_c-meta-llama_Llama-2-7b-hf_t-gender_s-42_ckpt_1000": {
    "intrasentence": {
      "gender": {
        "Count": 2313.0,
        "LM Score": 48.75339379233682,
        "SS Score": 48.23828263468443,
        "ICAT Score": 47.03559978309626
      },
      "profession": {
        "Count": 7194.0,
        "LM Score": 49.48140544588154,
        "SS Score": 47.32186671113256,
        "ICAT Score": 46.8310494637903
      },
      "race": {
        "Count": 8928.0,
        "LM Score": 44.68318524190937,
        "SS Score": 51.72538599916054,
        "ICAT Score": 43.14127039762363
      },
      "religion": {
        "Count": 741.0,
        "LM Score": 47.00050038079948,
        "SS Score": 45.76548215468003,
        "ICAT Score": 43.020011228770215
      },
      "overall": {
        "Count": 6392.0,
        "LM Score": 47.058399750671065,
        "SS Score": 49.433778679089784,
        "ICAT Score": 46.52549036533615
      }
    },
    "overall": {
      "Count": 6392.0,
      "LM Score": 47.058399750671065,
      "SS Score": 49.433778679089784,
      "ICAT Score": 46.52549036533615
    }
  }
}