{
  "stereoset_m-CDALlama2LMHeadModel_c-meta-llama_Llama-2-7b-hf_t-gender_s-42_ckpt_800": {
    "intrasentence": {
      "gender": {
        "Count": 2313.0,
        "LM Score": 87.62482897606584,
        "SS Score": 63.146511316251456,
        "ICAT Score": 64.58561286169687
      },
      "profession": {
        "Count": 7194.0,
        "LM Score": 86.05505736055434,
        "SS Score": 58.36134478108868,
        "ICAT Score": 71.66433726559518
      },
      "race": {
        "Count": 8928.0,
        "LM Score": 86.27634179969178,
        "SS Score": 63.298155078410474,
        "ICAT Score": 63.3300183426868
      },
      "religion": {
        "Count": 741.0,
        "LM Score": 90.5580894132989,
        "SS Score": 57.945896392936305,
        "ICAT Score": 76.1667854928922
      },
      "overall": {
        "Count": 6392.0,
        "LM Score": 86.52045231329227,
        "SS Score": 61.24430149248898,
        "ICAT Score": 67.06321129174879
      }
    },
    "overall": {
      "Count": 6392.0,
      "LM Score": 86.52045231329227,
      "SS Score": 61.24430149248898,
      "ICAT Score": 67.06321129174879
    }
  }
}