{
  "stereoset_m-CDALlama2LMHeadModel_c-meta-llama_Llama-2-7b-hf_t-gender_s-42_ckpt_800": {
    "intrasentence": {
      "gender": {
        "Count": 2313.0,
        "LM Score": 48.181019692451486,
        "SS Score": 48.392515438917236,
        "ICAT Score": 46.63201478659468
      },
      "profession": {
        "Count": 7194.0,
        "LM Score": 49.91071561343133,
        "SS Score": 47.86956661423998,
        "ICAT Score": 47.78408651643077
      },
      "race": {
        "Count": 8928.0,
        "LM Score": 44.600024803720736,
        "SS Score": 52.08000657881976,
        "ICAT Score": 42.74465790357546
      },
      "religion": {
        "Count": 741.0,
        "LM Score": 47.889004011547584,
        "SS Score": 45.37231880576337,
        "ICAT Score": 43.45670314604836
      },
      "overall": {
        "Count": 6392.0,
        "LM Score": 47.14131749961461,
        "SS Score": 49.8075540128414,
        "ICAT Score": 46.9598743519712
      }
    },
    "overall": {
      "Count": 6392.0,
      "LM Score": 47.14131749961461,
      "SS Score": 49.8075540128414,
      "ICAT Score": 46.9598743519712
    }
  }
}