{
  "stereoset_m-CDALlama2LMHeadModel_c-meta-llama_Llama-2-7b-hf_t-gender_s-42_ckpt_2000": {
    "intrasentence": {
      "gender": {
        "Count": 2313.0,
        "LM Score": 48.61541035546533,
        "SS Score": 49.09040859190783,
        "ICAT Score": 47.7310071642612
      },
      "profession": {
        "Count": 7194.0,
        "LM Score": 49.63331385444213,
        "SS Score": 48.239593275922694,
        "ICAT Score": 47.88581746549014
      },
      "race": {
        "Count": 8928.0,
        "LM Score": 44.58658756163743,
        "SS Score": 51.58498853168319,
        "ICAT Score": 43.17320296259576
      },
      "religion": {
        "Count": 741.0,
        "LM Score": 47.54077357432938,
        "SS Score": 44.710598341175526,
        "ICAT Score": 42.51152864221225
      },
      "overall": {
        "Count": 6392.0,
        "LM Score": 47.07277650494937,
        "SS Score": 49.775928684880405,
        "ICAT Score": 46.86182332619347
      }
    },
    "overall": {
      "Count": 6392.0,
      "LM Score": 47.07277650494937,
      "SS Score": 49.775928684880405,
      "ICAT Score": 46.86182332619347
    }
  }
}