{
  "stereoset_m-CDALlama2LMHeadModel_c-meta-llama_Llama-2-7b-hf_t-gender_s-42_ckpt_700": {
    "intrasentence": {
      "gender": {
        "Count": 2313.0,
        "LM Score": 47.5201940026028,
        "SS Score": 49.328084432457246,
        "ICAT Score": 46.88160284014279
      },
      "profession": {
        "Count": 7194.0,
        "LM Score": 49.71613158610721,
        "SS Score": 47.889998699991274,
        "ICAT Score": 47.61810954054539
      },
      "race": {
        "Count": 8928.0,
        "LM Score": 44.369583664384095,
        "SS Score": 51.08747086992827,
        "ICAT Score": 43.40457106946683
      },
      "religion": {
        "Count": 741.0,
        "LM Score": 49.18320131828969,
        "SS Score": 46.298913531023274,
        "ICAT Score": 45.54257570028808
      },
      "overall": {
        "Count": 6392.0,
        "LM Score": 46.927559623007205,
        "SS Score": 49.50213572749602,
        "ICAT Score": 46.46028851636529
      }
    },
    "overall": {
      "Count": 6392.0,
      "LM Score": 46.927559623007205,
      "SS Score": 49.50213572749602,
      "ICAT Score": 46.46028851636529
    }
  }
}