{
  "stereoset_m-CDALlama2LMHeadModel_c-meta-llama_Llama-2-7b-hf_t-gender_s-42_ckpt_1900": {
    "intrasentence": {
      "gender": {
        "Count": 2313.0,
        "LM Score": 48.630374988533404,
        "SS Score": 49.23515711711613,
        "ICAT Score": 47.886483064494335
      },
      "profession": {
        "Count": 7194.0,
        "LM Score": 49.51086708344746,
        "SS Score": 48.03606962003811,
        "ICAT Score": 47.56614916337871
      },
      "race": {
        "Count": 8928.0,
        "LM Score": 44.665449996099,
        "SS Score": 51.497777604837474,
        "ICAT Score": 43.327471781816094
      },
      "religion": {
        "Count": 741.0,
        "LM Score": 47.28824832180412,
        "SS Score": 44.56397077519312,
        "ICAT Score": 42.14704232445907
      },
      "overall": {
        "Count": 6392.0,
        "LM Score": 47.05652632901529,
        "SS Score": 49.672006552232595,
        "ICAT Score": 46.74784168280306
      }
    },
    "overall": {
      "Count": 6392.0,
      "LM Score": 47.05652632901529,
      "SS Score": 49.672006552232595,
      "ICAT Score": 46.74784168280306
    }
  }
}