{
  "stereoset_m-CDALlama2LMHeadModel_c-meta-llama_Llama-2-7b-hf_t-gender_s-42_ckpt_1100": {
    "intrasentence": {
      "gender": {
        "Count": 2313.0,
        "LM Score": 48.81149134612403,
        "SS Score": 48.23927330743923,
        "ICAT Score": 47.09261743178764
      },
      "profession": {
        "Count": 7194.0,
        "LM Score": 49.848963548753446,
        "SS Score": 47.796408439276256,
        "ICAT Score": 47.65202844101627
      },
      "race": {
        "Count": 8928.0,
        "LM Score": 44.6801703457441,
        "SS Score": 52.19606431023652,
        "ICAT Score": 42.71775979631256
      },
      "religion": {
        "Count": 741.0,
        "LM Score": 47.27456468743083,
        "SS Score": 45.465846677069024,
        "ICAT Score": 42.98756219607823
      },
      "overall": {
        "Count": 6392.0,
        "LM Score": 47.21108178110534,
        "SS Score": 49.819020024414826,
        "ICAT Score": 47.040196572543465
      }
    },
    "overall": {
      "Count": 6392.0,
      "LM Score": 47.21108178110534,
      "SS Score": 49.819020024414826,
      "ICAT Score": 47.040196572543465
    }
  }
}