{
  "stereoset_m-CDALlama2LMHeadModel_c-meta-llama_Llama-2-7b-hf_t-gender_s-42_ckpt_1600": {
    "intrasentence": {
      "gender": {
        "Count": 2313.0,
        "LM Score": 49.439438268248864,
        "SS Score": 48.972377176749994,
        "ICAT Score": 48.423336365586614
      },
      "profession": {
        "Count": 7194.0,
        "LM Score": 49.92263030457307,
        "SS Score": 47.87776086352201,
        "ICAT Score": 47.803675108007326
      },
      "race": {
        "Count": 8928.0,
        "LM Score": 44.581610706352365,
        "SS Score": 51.904089590505095,
        "ICAT Score": 42.883863088874044
      },
      "religion": {
        "Count": 741.0,
        "LM Score": 47.02837445081914,
        "SS Score": 44.61707046986988,
        "ICAT Score": 41.965365939112516
      },
      "overall": {
        "Count": 6392.0,
        "LM Score": 47.2611456831993,
        "SS Score": 49.77225434287349,
        "ICAT Score": 47.04587526959586
      }
    },
    "overall": {
      "Count": 6392.0,
      "LM Score": 47.2611456831993,
      "SS Score": 49.77225434287349,
      "ICAT Score": 47.04587526959586
    }
  }
}