{
  "stereoset_m-CDALlama2LMHeadModel_c-meta-llama_Llama-2-7b-hf_t-gender_s-42_ckpt_600": {
    "intrasentence": {
      "gender": {
        "Count": 2313.0,
        "LM Score": 48.26530198104411,
        "SS Score": 48.55131577013137,
        "ICAT Score": 46.86687834444839
      },
      "profession": {
        "Count": 7194.0,
        "LM Score": 49.68786373369539,
        "SS Score": 47.9286664487873,
        "ICAT Score": 47.629460948901624
      },
      "race": {
        "Count": 8928.0,
        "LM Score": 44.526570693517336,
        "SS Score": 51.655675757623285,
        "ICAT Score": 43.052139420170214
      },
      "religion": {
        "Count": 741.0,
        "LM Score": 48.421110422099176,
        "SS Score": 45.33025430009733,
        "ICAT Score": 43.89882497853697
      },
      "overall": {
        "Count": 6392.0,
        "LM Score": 47.054377180290324,
        "SS Score": 49.649516953748375,
        "ICAT Score": 46.7245419512179
      }
    },
    "overall": {
      "Count": 6392.0,
      "LM Score": 47.054377180290324,
      "SS Score": 49.649516953748375,
      "ICAT Score": 46.7245419512179
    }
  }
}