{
  "stereoset_m-CDALlama2LMHeadModel_c-meta-llama_Llama-2-7b-hf_t-gender_s-42_ckpt_1400": {
    "intrasentence": {
      "gender": {
        "Count": 2313.0,
        "LM Score": 48.68640713914327,
        "SS Score": 49.147574946200635,
        "ICAT Score": 47.856376874645626
      },
      "profession": {
        "Count": 7194.0,
        "LM Score": 49.64151795651274,
        "SS Score": 48.38576223000246,
        "ICAT Score": 48.038853691604466
      },
      "race": {
        "Count": 8928.0,
        "LM Score": 44.623027296655614,
        "SS Score": 51.782353139435585,
        "ICAT Score": 43.03234744078934
      },
      "religion": {
        "Count": 741.0,
        "LM Score": 47.22729395050492,
        "SS Score": 45.069021280243625,
        "ICAT Score": 42.56975832127255
      },
      "overall": {
        "Count": 6392.0,
        "LM Score": 47.08998578651684,
        "SS Score": 49.94286341059775,
        "ICAT Score": 47.036174562860005
      }
    },
    "overall": {
      "Count": 6392.0,
      "LM Score": 47.08998578651684,
      "SS Score": 49.94286341059775,
      "ICAT Score": 47.036174562860005
    }
  }
}