{
  "stereoset_m-CDALlama2LMHeadModel_c-meta-llama_Llama-2-7b-hf_t-gender_s-42_ckpt_1500": {
    "intrasentence": {
      "gender": {
        "Count": 2313.0,
        "LM Score": 49.30486515723897,
        "SS Score": 48.63878373740942,
        "ICAT Score": 47.96257347170158
      },
      "profession": {
        "Count": 7194.0,
        "LM Score": 49.849627763096436,
        "SS Score": 47.87368838203636,
        "ICAT Score": 47.729710909819744
      },
      "race": {
        "Count": 8928.0,
        "LM Score": 44.78289549753547,
        "SS Score": 51.59330282946408,
        "ICAT Score": 43.35584121537912
      },
      "religion": {
        "Count": 741.0,
        "LM Score": 47.692422337089255,
        "SS Score": 45.50424913482632,
        "ICAT Score": 43.4041573574053
      },
      "overall": {
        "Count": 6392.0,
        "LM Score": 47.335997709302305,
        "SS Score": 49.617260034910885,
        "ICAT Score": 46.97365014708797
      }
    },
    "overall": {
      "Count": 6392.0,
      "LM Score": 47.335997709302305,
      "SS Score": 49.617260034910885,
      "ICAT Score": 46.97365014708797
    }
  }
}