{
  "stereoset_m-CDALlama2LMHeadModel_c-meta-llama_Llama-2-7b-hf_t-gender_s-42_ckpt_1500": {
    "intrasentence": {
      "gender": {
        "Count": 2313.0,
        "LM Score": 87.74526320339663,
        "SS Score": 63.061619289330444,
        "ICAT Score": 64.82335875529938
      },
      "profession": {
        "Count": 7194.0,
        "LM Score": 86.28804467791936,
        "SS Score": 58.39642677728178,
        "ICAT Score": 71.79781970005997
      },
      "race": {
        "Count": 8928.0,
        "LM Score": 86.30576384692132,
        "SS Score": 63.605468315517655,
        "ICAT Score": 62.82115713760458
      },
      "religion": {
        "Count": 741.0,
        "LM Score": 90.92887176405901,
        "SS Score": 58.38579989797391,
        "ICAT Score": 75.67864529282043
      },
      "overall": {
        "Count": 6392.0,
        "LM Score": 86.64955817228629,
        "SS Score": 61.406682261861704,
        "ICAT Score": 66.88187860824685
      }
    },
    "overall": {
      "Count": 6392.0,
      "LM Score": 86.64955817228629,
      "SS Score": 61.406682261861704,
      "ICAT Score": 66.88187860824685
    }
  }
}