{
  "stereoset_m-CDALlama2LMHeadModel_c-meta-llama_Llama-2-7b-hf_t-gender_s-42_ckpt_1200": {
    "intrasentence": {
      "gender": {
        "Count": 2313.0,
        "LM Score": 48.5137972777403,
        "SS Score": 49.29273842469743,
        "ICAT Score": 47.82755838400902
      },
      "profession": {
        "Count": 7194.0,
        "LM Score": 49.438557110393376,
        "SS Score": 48.06921305177957,
        "ICAT Score": 47.52945069424142
      },
      "race": {
        "Count": 8928.0,
        "LM Score": 44.581728558153884,
        "SS Score": 51.67554890417046,
        "ICAT Score": 43.08775122952109
      },
      "religion": {
        "Count": 741.0,
        "LM Score": 47.70478174878125,
        "SS Score": 44.710598341175526,
        "ICAT Score": 42.658186714463994
      },
      "overall": {
        "Count": 6392.0,
        "LM Score": 46.99158025238857,
        "SS Score": 49.77993280430962,
        "ICAT Score": 46.78475414664452
      }
    },
    "overall": {
      "Count": 6392.0,
      "LM Score": 46.99158025238857,
      "SS Score": 49.77993280430962,
      "ICAT Score": 46.78475414664452
    }
  }
}