{
  "stereoset_m-CDALlama2LMHeadModel_c-meta-llama_Llama-2-7b-hf_t-gender_s-42_ckpt_100": {
    "intrasentence": {
      "gender": {
        "Count": 2313.0,
        "LM Score": 87.33845075926534,
        "SS Score": 64.5785951679505,
        "ICAT Score": 61.87301243495918
      },
      "profession": {
        "Count": 7194.0,
        "LM Score": 87.27399799100453,
        "SS Score": 60.47729114889434,
        "ICAT Score": 68.98609625740906
      },
      "race": {
        "Count": 8928.0,
        "LM Score": 87.79911332248471,
        "SS Score": 63.82781151970915,
        "ICAT Score": 63.51772151006665
      },
      "religion": {
        "Count": 741.0,
        "LM Score": 91.44046312659586,
        "SS Score": 59.49479552248061,
        "ICAT Score": 74.07629312923675
      },
      "overall": {
        "Count": 6392.0,
        "LM Score": 87.68213766755582,
        "SS Score": 62.51367735482835,
        "ICAT Score": 65.73761805648712
      }
    },
    "overall": {
      "Count": 6392.0,
      "LM Score": 87.68213766755582,
      "SS Score": 62.51367735482835,
      "ICAT Score": 65.73761805648712
    }
  }
}