{
  "stereoset_m-CDALlama2LMHeadModel_c-meta-llama_Llama-2-7b-hf_t-gender_s-42_ckpt_400": {
    "intrasentence": {
      "gender": {
        "Count": 2313.0,
        "LM Score": 48.38762904040266,
        "SS Score": 48.17774355597944,
        "ICAT Score": 46.62413566380766
      },
      "profession": {
        "Count": 7194.0,
        "LM Score": 49.500055877441255,
        "SS Score": 48.1592235188515,
        "ICAT Score": 47.677685103946644
      },
      "race": {
        "Count": 8928.0,
        "LM Score": 44.42475774500242,
        "SS Score": 51.40136910054299,
        "ICAT Score": 43.17964808894333
      },
      "religion": {
        "Count": 741.0,
        "LM Score": 48.07556409954136,
        "SS Score": 47.72995684193311,
        "ICAT Score": 45.892891992453954
      },
      "overall": {
        "Count": 6392.0,
        "LM Score": 46.93930414158238,
        "SS Score": 49.6594493525404,
        "ICAT Score": 46.619599933248004
      }
    },
    "overall": {
      "Count": 6392.0,
      "LM Score": 46.93930414158238,
      "SS Score": 49.6594493525404,
      "ICAT Score": 46.619599933248004
    }
  }
}