{
  "stereoset_m-CDALlama2LMHeadModel_c-meta-llama_Llama-2-7b-hf_t-gender_s-42_ckpt_100": {
    "intrasentence": {
      "gender": {
        "Count": 2313.0,
        "LM Score": 48.75246730660274,
        "SS Score": 49.167305094816335,
        "ICAT Score": 47.94054868377591
      },
      "profession": {
        "Count": 7194.0,
        "LM Score": 49.36888688085951,
        "SS Score": 47.64965419868371,
        "ICAT Score": 47.04820776093777
      },
      "race": {
        "Count": 8928.0,
        "LM Score": 46.0054443371951,
        "SS Score": 52.06182695895861,
        "ICAT Score": 44.10833902932913
      },
      "religion": {
        "Count": 741.0,
        "LM Score": 50.3050289726844,
        "SS Score": 45.18261313156876,
        "ICAT Score": 45.458253252903134
      },
      "overall": {
        "Count": 6392.0,
        "LM Score": 47.75675334434978,
        "SS Score": 49.80627270773746,
        "ICAT Score": 47.57171761409677
      }
    },
    "overall": {
      "Count": 6392.0,
      "LM Score": 47.75675334434978,
      "SS Score": 49.80627270773746,
      "ICAT Score": 47.57171761409677
    }
  }
}