{
  "stereoset_m-CDALlama2LMHeadModel_c-meta-llama_Llama-2-7b-hf_t-gender_s-42_ckpt_900": {
    "intrasentence": {
      "gender": {
        "Count": 2313.0,
        "LM Score": 48.64580394710331,
        "SS Score": 48.353136979998546,
        "ICAT Score": 47.04354443512881
      },
      "profession": {
        "Count": 7194.0,
        "LM Score": 49.790355228406504,
        "SS Score": 47.67523499036291,
        "ICAT Score": 47.47533771535849
      },
      "race": {
        "Count": 8928.0,
        "LM Score": 44.74482335318753,
        "SS Score": 51.54076220839214,
        "ICAT Score": 43.366000696312064
      },
      "religion": {
        "Count": 741.0,
        "LM Score": 47.47247058457045,
        "SS Score": 46.65733647009138,
        "ICAT Score": 44.29878066261639
      },
      "overall": {
        "Count": 6392.0,
        "LM Score": 47.20629488901244,
        "SS Score": 49.52639428227996,
        "ICAT Score": 46.75915146557615
      }
    },
    "overall": {
      "Count": 6392.0,
      "LM Score": 47.20629488901244,
      "SS Score": 49.52639428227996,
      "ICAT Score": 46.75915146557615
    }
  }
}