{
  "stereoset_m-CDALlama2LMHeadModel_c-meta-llama_Llama-2-7b-hf_t-gender_s-42_ckpt_500": {
    "intrasentence": {
      "gender": {
        "Count": 2313.0,
        "LM Score": 48.61138250758441,
        "SS Score": 48.63419314503771,
        "ICAT Score": 47.283507318423354
      },
      "profession": {
        "Count": 7194.0,
        "LM Score": 49.90069597700272,
        "SS Score": 47.239607983175446,
        "ICAT Score": 47.14578632082457
      },
      "race": {
        "Count": 8928.0,
        "LM Score": 44.28501263991437,
        "SS Score": 51.72834447975931,
        "ICAT Score": 42.754217497269025
      },
      "religion": {
        "Count": 741.0,
        "LM Score": 48.64926314067335,
        "SS Score": 46.643652835718086,
        "ICAT Score": 45.383586812941275
      },
      "overall": {
        "Count": 6392.0,
        "LM Score": 47.072123593942806,
        "SS Score": 49.4863070850049,
        "ICAT Score": 46.58851126626317
      }
    },
    "overall": {
      "Count": 6392.0,
      "LM Score": 47.072123593942806,
      "SS Score": 49.4863070850049,
      "ICAT Score": 46.58851126626317
    }
  }
}