{
  "stereoset_m-PhiForCausalLM_c-microsoft_phi-2_s-42": {
    "intrasentence": {
      "gender": {
        "Count": 2298.0,
        "LM Score": 75.90185308056373,
        "SS Score": 54.64352011750813,
        "ICAT Score": 68.85281744584884
      },
      "profession": {
        "Count": 0,
        "LM Score": NaN,
        "SS Score": NaN,
        "ICAT Score": NaN
      },
      "race": {
        "Count": 8877.0,
        "LM Score": 78.64585202023738,
        "SS Score": 54.94624971323719,
        "ICAT Score": 70.86581156018951
      },
      "religion": {
        "Count": 735.0,
        "LM Score": 81.4779937672658,
        "SS Score": 52.75332231270929,
        "ICAT Score": 76.99129020258178
      },
      "overall": {
        "Count": 3970.0,
        "LM Score": 78.27196588558637,
        "SS Score": 54.756656065364666,
        "ICAT Score": 70.82570946003256
      }
    },
    "overall": {
      "Count": 3970.0,
      "LM Score": 78.27196588558637,
      "SS Score": 54.756656065364666,
      "ICAT Score": 70.82570946003256
    }
  }
}