{
  "stereoset_m-GPT2LMHeadModel_c-gpt2_s-42": {
    "intrasentence": {
      "gender": {
        "Count": 2313.0,
        "LM Score": 92.01218436319637,
        "SS Score": 62.6460866303445,
        "ICAT Score": 68.74030327311215
      },
      "profession": {
        "Count": 7194.0,
        "LM Score": 90.74056951271717,
        "SS Score": 61.305512436683145,
        "ICAT Score": 70.22319676996246
      },
      "race": {
        "Count": 8928.0,
        "LM Score": 90.9524178709514,
        "SS Score": 58.904167347320374,
        "ICAT Score": 74.75530688362413
      },
      "religion": {
        "Count": 741.0,
        "LM Score": 91.20561944224038,
        "SS Score": 63.260092672402635,
        "ICAT Score": 67.01772012128048
      },
      "overall": {
        "Count": 6392.0,
        "LM Score": 91.01442389024014,
        "SS Score": 60.42310108475473,
        "ICAT Score": 72.04137308266637
      }
    },
    "overall": {
      "Count": 6392.0,
      "LM Score": 91.01442389024014,
      "SS Score": 60.42310108475473,
      "ICAT Score": 72.04137308266637
    }
  }
}