{
  "stereoset_m-LlamaForCausalLM_c-meta-llama_Llama-2-7b-hf_s-42": {
    "intrasentence": {
      "gender": {
        "Count": 2313.0,
        "LM Score": 88.9502105442635,
        "SS Score": 66.28274452424877,
        "ICAT Score": 59.98313947085586
      },
      "profession": {
        "Count": 7194.0,
        "LM Score": 87.76614379532114,
        "SS Score": 61.84370077111878,
        "ICAT Score": 66.9766248963858
      },
      "race": {
        "Count": 8928.0,
        "LM Score": 88.81205681695816,
        "SS Score": 63.94939308275959,
        "ICAT Score": 64.0345709963956
      },
      "religion": {
        "Count": 741.0,
        "LM Score": 92.4522346488111,
        "SS Score": 60.80819405810136,
        "ICAT Score": 72.46740078502165
      },
      "overall": {
        "Count": 6392.0,
        "LM Score": 88.57558590934867,
        "SS Score": 63.338721363648354,
        "ICAT Score": 64.94588470801469
      }
    },
    "overall": {
      "Count": 6392.0,
      "LM Score": 88.57558590934867,
      "SS Score": 63.338721363648354,
      "ICAT Score": 64.94588470801469
    }
  }
}