{
  "stereoset_m-PhiForCausalLM_c-microsoft_phi-2_s-42": {
    "intrasentence": {
      "gender": {
        "Count": 2313.0,
        "LM Score": 91.6716883640172,
        "SS Score": 68.80683140688139,
        "ICAT Score": 57.19060860709237
      },
      "profession": {
        "Count": 7194.0,
        "LM Score": 91.73349758135846,
        "SS Score": 67.93298235825898,
        "ICAT Score": 58.83239370560058
      },
      "race": {
        "Count": 8928.0,
        "LM Score": 92.44955694926966,
        "SS Score": 61.92097162788231,
        "ICAT Score": 70.407786041219
      },
      "religion": {
        "Count": 741.0,
        "LM Score": 92.49399819477682,
        "SS Score": 69.66071631440559,
        "ICAT Score": 56.124033008923824
      },
      "overall": {
        "Count": 6392.0,
        "LM Score": 92.08847666224479,
        "SS Score": 65.29830411252107,
        "ICAT Score": 63.91252623748839
      }
    },
    "overall": {
      "Count": 6392.0,
      "LM Score": 92.08847666224479,
      "SS Score": 65.29830411252107,
      "ICAT Score": 63.91252623748839
    }
  }
}