{
  "stereoset_m-GPT2LMHeadModel_c-gpt2_s-42": {
    "intrasentence": {
      "gender": {
        "Count": 2313.0,
        "LM Score": 91.90575853431928,
        "SS Score": 61.87616432191645,
        "ICAT Score": 70.07600072464027
      },
      "profession": {
        "Count": 7194.0,
        "LM Score": 90.50206520802513,
        "SS Score": 60.459736558185725,
        "ICAT Score": 71.56951000707136
      },
      "race": {
        "Count": 8928.0,
        "LM Score": 90.90172918499442,
        "SS Score": 57.888534652230234,
        "ICAT Score": 76.56010037252489
      },
      "religion": {
        "Count": 741.0,
        "LM Score": 91.55720056412184,
        "SS Score": 64.4699417502532,
        "ICAT Score": 65.06065338453999
      },
      "overall": {
        "Count": 6392.0,
        "LM Score": 90.90193730468309,
        "SS Score": 59.58386409648142,
        "ICAT Score": 73.47810103998394
      }
    },
    "overall": {
      "Count": 6392.0,
      "LM Score": 90.90193730468309,
      "SS Score": 59.58386409648142,
      "ICAT Score": 73.47810103998394
    }
  }
}