{
  "stereoset_m-CDAGPT2LMHeadModel_c-gpt2_t-race-color_s-42_ckpt_100": {
    "intrasentence": {
      "gender": {
        "Count": 2313.0,
        "LM Score": 91.98061137041648,
        "SS Score": 60.00940071089997,
        "ICAT Score": 73.56719543361527
      },
      "profession": {
        "Count": 7194.0,
        "LM Score": 90.9294014932247,
        "SS Score": 60.915815986739936,
        "ICAT Score": 71.07802920353598
      },
      "race": {
        "Count": 8928.0,
        "LM Score": 90.53778874482364,
        "SS Score": 57.36162730331938,
        "ICAT Score": 77.20767959270253
      },
      "religion": {
        "Count": 741.0,
        "LM Score": 91.59160508808264,
        "SS Score": 62.06758927683412,
        "ICAT Score": 69.48580765990322
      },
      "overall": {
        "Count": 6392.0,
        "LM Score": 90.90148367545675,
        "SS Score": 59.18668449958756,
        "ICAT Score": 74.19981865404016
      }
    },
    "overall": {
      "Count": 6392.0,
      "LM Score": 90.90148367545675,
      "SS Score": 59.18668449958756,
      "ICAT Score": 74.19981865404016
    }
  }
}