{
  "stereoset_m-CDAGPT2LMHeadModel_c-gpt2_t-race-color_s-42_ckpt_400": {
    "intrasentence": {
      "gender": {
        "Count": 2313.0,
        "LM Score": 92.40276295233818,
        "SS Score": 60.41006214711863,
        "ICAT Score": 73.16439285435195
      },
      "profession": {
        "Count": 7194.0,
        "LM Score": 90.67746565811056,
        "SS Score": 61.45988155574035,
        "ICAT Score": 69.89440533377736
      },
      "race": {
        "Count": 8928.0,
        "LM Score": 91.13263660614743,
        "SS Score": 56.94988055762671,
        "ICAT Score": 78.46541781986093
      },
      "religion": {
        "Count": 741.0,
        "LM Score": 90.45239682521849,
        "SS Score": 63.006854033921144,
        "ICAT Score": 66.9223743747399
      },
      "overall": {
        "Count": 6392.0,
        "LM Score": 91.0955136600071,
        "SS Score": 59.28136113118718,
        "ICAT Score": 74.18570646581668
      }
    },
    "overall": {
      "Count": 6392.0,
      "LM Score": 91.0955136600071,
      "SS Score": 59.28136113118718,
      "ICAT Score": 74.18570646581668
    }
  }
}