{
  "stereoset_m-CDAPhi2LMHeadModel_c-microsoft_phi-2_t-race-color_s-42_ckpt_500": {
    "intrasentence": {
      "gender": {
        "Count": 2313.0,
        "LM Score": 91.10990288516524,
        "SS Score": 70.39522876202038,
        "ICAT Score": 53.945756648597126
      },
      "profession": {
        "Count": 7194.0,
        "LM Score": 91.83560632635128,
        "SS Score": 66.93388981818046,
        "ICAT Score": 60.73292554802671
      },
      "race": {
        "Count": 8928.0,
        "LM Score": 91.33383207181687,
        "SS Score": 61.37428861957012,
        "ICAT Score": 70.55668473749297
      },
      "religion": {
        "Count": 741.0,
        "LM Score": 92.66586104585116,
        "SS Score": 68.15489529307352,
        "ICAT Score": 59.01908095525259
      },
      "overall": {
        "Count": 6392.0,
        "LM Score": 91.54222078287,
        "SS Score": 64.81237858737991,
        "ICAT Score": 64.42306016356225
      }
    },
    "overall": {
      "Count": 6392.0,
      "LM Score": 91.54222078287,
      "SS Score": 64.81237858737991,
      "ICAT Score": 64.42306016356225
    }
  }
}