{
  "stereoset_m-SentenceDebiasPhi2LMHeadModel_c-microsoft_phi-2_t-gender_s-42": {
    "intrasentence": {
      "gender": {
        "Count": 2298.0,
        "LM Score": 75.10083486718918,
        "SS Score": 54.819784600244375,
        "ICAT Score": 67.86143792002169
      },
      "profession": {
        "Count": 0,
        "LM Score": NaN,
        "SS Score": NaN,
        "ICAT Score": NaN
      },
      "race": {
        "Count": 8877.0,
        "LM Score": 78.47620596854196,
        "SS Score": 55.027147308482306,
        "ICAT Score": 70.58597701624879
      },
      "religion": {
        "Count": 735.0,
        "LM Score": 82.00458332642239,
        "SS Score": 53.54697310636007,
        "ICAT Score": 76.18722229328073
      },
      "overall": {
        "Count": 3970.0,
        "LM Score": 78.01893138420209,
        "SS Score": 54.89857856462548,
        "ICAT Score": 70.37529408592931
      }
    },
    "overall": {
      "Count": 3970.0,
      "LM Score": 78.01893138420209,
      "SS Score": 54.89857856462548,
      "ICAT Score": 70.37529408592931
    }
  }
}