{
  "stereoset_m-SentenceDebiasLlama2LMHeadModel_c-meta-llama_Llama-2-7b-hf_t-religion_s-42": {
    "intrasentence": {
      "gender": {
        "Count": 2298.0,
        "LM Score": 74.17028166920721,
        "SS Score": 57.53384029485979,
        "ICAT Score": 62.99454053479573
      },
      "profession": {
        "Count": 0,
        "LM Score": NaN,
        "SS Score": NaN,
        "ICAT Score": NaN
      },
      "race": {
        "Count": 8877.0,
        "LM Score": 73.8648112994668,
        "SS Score": 51.06865634825541,
        "ICAT Score": 72.28608930930953
      },
      "religion": {
        "Count": 735.0,
        "LM Score": 75.61545485874987,
        "SS Score": 49.481551512202856,
        "ICAT Score": 74.83140049423763
      },
      "overall": {
        "Count": 3970.0,
        "LM Score": 74.02875803055731,
        "SS Score": 52.25070618295053,
        "ICAT Score": 70.69641836224683
      }
    },
    "overall": {
      "Count": 3970.0,
      "LM Score": 74.02875803055731,
      "SS Score": 52.25070618295053,
      "ICAT Score": 70.69641836224683
    }
  }
}