{
  "stereoset_m-SentenceDebiasGPT2LMHeadModel_c-gpt2_t-gender_s-42": {
    "intrasentence": {
      "gender": {
        "Count": 2298.0,
        "LM Score": 70.04809063722108,
        "SS Score": 54.13139533944131,
        "ICAT Score": 64.26016353331352
      },
      "profession": {
        "Count": 0,
        "LM Score": NaN,
        "SS Score": NaN,
        "ICAT Score": NaN
      },
      "race": {
        "Count": 8877.0,
        "LM Score": 78.26471628303555,
        "SS Score": 51.07202780014455,
        "ICAT Score": 76.58667725051876
      },
      "religion": {
        "Count": 735.0,
        "LM Score": 82.60740961890389,
        "SS Score": 51.674701770487204,
        "ICAT Score": 79.8405541160211
      },
      "overall": {
        "Count": 3970.0,
        "LM Score": 76.90014701098544,
        "SS Score": 51.71153498377603,
        "ICAT Score": 74.267801173649
      }
    },
    "overall": {
      "Count": 3970.0,
      "LM Score": 76.90014701098544,
      "SS Score": 51.71153498377603,
      "ICAT Score": 74.267801173649
    }
  }
}