{
  "stereoset_m-SentenceDebiasLlama2LMHeadModel_c-meta-llama_Llama-2-7b-hf_t-race-color_s-42": {
    "intrasentence": {
      "gender": {
        "Count": 2298.0,
        "LM Score": 74.588734732238,
        "SS Score": 57.14937533360822,
        "ICAT Score": 63.923477527043815
      },
      "profession": {
        "Count": 0,
        "LM Score": NaN,
        "SS Score": NaN,
        "ICAT Score": NaN
      },
      "race": {
        "Count": 8877.0,
        "LM Score": 74.82301873143734,
        "SS Score": 50.52829197098727,
        "ICAT Score": 74.03245073062037
      },
      "religion": {
        "Count": 735.0,
        "LM Score": 77.30288655576013,
        "SS Score": 50.107718306952016,
        "ICAT Score": 77.13634783451432
      },
      "overall": {
        "Count": 3970.0,
        "LM Score": 74.92361274750922,
        "SS Score": 51.810182351923515,
        "ICAT Score": 72.21110471675136
      }
    },
    "overall": {
      "Count": 3970.0,
      "LM Score": 74.92361274750922,
      "SS Score": 51.810182351923515,
      "ICAT Score": 72.21110471675136
    }
  }
}