{
  "stereoset_m-SentenceDebiasLlama2LMHeadModel_c-meta-llama_Llama-2-7b-hf_t-gender_s-42": {
    "intrasentence": {
      "gender": {
        "Count": 2298.0,
        "LM Score": 72.95881823166931,
        "SS Score": 57.188439979144626,
        "ICAT Score": 62.46961651551577
      },
      "profession": {
        "Count": 0,
        "LM Score": NaN,
        "SS Score": NaN,
        "ICAT Score": NaN
      },
      "race": {
        "Count": 8877.0,
        "LM Score": 74.82751604106753,
        "SS Score": 51.00258409331528,
        "ICAT Score": 73.32709849456616
      },
      "religion": {
        "Count": 735.0,
        "LM Score": 76.55033734535651,
        "SS Score": 48.36809990066695,
        "ICAT Score": 74.05188728299919
      },
      "overall": {
        "Count": 3970.0,
        "LM Score": 74.56070326117708,
        "SS Score": 52.067487506743205,
        "ICAT Score": 71.47763681144767
      }
    },
    "overall": {
      "Count": 3970.0,
      "LM Score": 74.56070326117708,
      "SS Score": 52.067487506743205,
      "ICAT Score": 71.47763681144767
    }
  }
}