{
  "stereoset_m-DropoutLlama2LMHeadModel_c-meta-llama_Llama-2-7b-hf_s-42_ckpt_1600": {
    "intrasentence": {
      "gender": {
        "Count": 2298.0,
        "LM Score": 76.38522027512532,
        "SS Score": 59.21835875546521,
        "ICAT Score": 62.302292992898515
      },
      "profession": {
        "Count": 0,
        "LM Score": NaN,
        "SS Score": NaN,
        "ICAT Score": NaN
      },
      "race": {
        "Count": 8877.0,
        "LM Score": 76.7089105291919,
        "SS Score": 51.28907165656561,
        "ICAT Score": 74.73124488180773
      },
      "religion": {
        "Count": 735.0,
        "LM Score": 82.14816012708732,
        "SS Score": 48.645956002277835,
        "ICAT Score": 79.92351566420729
      },
      "overall": {
        "Count": 3970.0,
        "LM Score": 76.967085126291,
        "SS Score": 52.69756226234455,
        "ICAT Score": 72.81461504070414
      }
    },
    "overall": {
      "Count": 3970.0,
      "LM Score": 76.967085126291,
      "SS Score": 52.69756226234455,
      "ICAT Score": 72.81461504070414
    }
  }
}