{
  "stereoset_m-DropoutLlama2LMHeadModel_c-meta-llama_Llama-2-7b-hf_s-42_ckpt_1700": {
    "intrasentence": {
      "gender": {
        "Count": 2298.0,
        "LM Score": 76.45096101586607,
        "SS Score": 59.086387703953925,
        "ICAT Score": 62.557699573265545
      },
      "profession": {
        "Count": 0,
        "LM Score": NaN,
        "SS Score": NaN,
        "ICAT Score": NaN
      },
      "race": {
        "Count": 8877.0,
        "LM Score": 76.69817779356829,
        "SS Score": 51.273608383756844,
        "ICAT Score": 74.74450894843305
      },
      "religion": {
        "Count": 735.0,
        "LM Score": 81.92182267852766,
        "SS Score": 47.849365761243156,
        "ICAT Score": 78.39814514345149
      },
      "overall": {
        "Count": 3970.0,
        "LM Score": 76.9586797714207,
        "SS Score": 52.6128530943048,
        "ICAT Score": 72.93704527993333
      }
    },
    "overall": {
      "Count": 3970.0,
      "LM Score": 76.9586797714207,
      "SS Score": 52.6128530943048,
      "ICAT Score": 72.93704527993333
    }
  }
}