{
  "stereoset_m-DropoutLlama2LMHeadModel_c-meta-llama_Llama-2-7b-hf_s-42_ckpt_1800": {
    "intrasentence": {
      "gender": {
        "Count": 2298.0,
        "LM Score": 76.51264531921703,
        "SS Score": 59.333301284200836,
        "ICAT Score": 62.230333902908
      },
      "profession": {
        "Count": 0,
        "LM Score": NaN,
        "SS Score": NaN,
        "ICAT Score": NaN
      },
      "race": {
        "Count": 8877.0,
        "LM Score": 76.77122951341056,
        "SS Score": 51.21484429799149,
        "ICAT Score": 74.90592770492731
      },
      "religion": {
        "Count": 735.0,
        "LM Score": 81.9423988102149,
        "SS Score": 48.28926926628076,
        "ICAT Score": 79.13877120942863
      },
      "overall": {
        "Count": 3970.0,
        "LM Score": 77.02638081502525,
        "SS Score": 52.64394649733941,
        "ICAT Score": 72.9533082198529
      }
    },
    "overall": {
      "Count": 3970.0,
      "LM Score": 77.02638081502525,
      "SS Score": 52.64394649733941,
      "ICAT Score": 72.9533082198529
    }
  }
}