{
  "stereoset_m-DropoutLlama2LMHeadModel_c-meta-llama_Llama-2-7b-hf_s-42_ckpt_1300": {
    "intrasentence": {
      "gender": {
        "Count": 2298.0,
        "LM Score": 76.31634902292075,
        "SS Score": 59.34181554558866,
        "ICAT Score": 62.05768390922292
      },
      "profession": {
        "Count": 0,
        "LM Score": NaN,
        "SS Score": NaN,
        "ICAT Score": NaN
      },
      "race": {
        "Count": 8877.0,
        "LM Score": 76.66400834125726,
        "SS Score": 50.99533249483709,
        "ICAT Score": 75.13788476752696
      },
      "religion": {
        "Count": 735.0,
        "LM Score": 81.9423988102149,
        "SS Score": 47.08216999404738,
        "ICAT Score": 77.16051901005127
      },
      "overall": {
        "Count": 3970.0,
        "LM Score": 76.90792764830017,
        "SS Score": 52.41096426467551,
        "ICAT Score": 73.19948234369414
      }
    },
    "overall": {
      "Count": 3970.0,
      "LM Score": 76.90792764830017,
      "SS Score": 52.41096426467551,
      "ICAT Score": 73.19948234369414
    }
  }
}