{
  "stereoset_m-DropoutLlama2LMHeadModel_c-meta-llama_Llama-2-7b-hf_s-42_ckpt_1500": {
    "intrasentence": {
      "gender": {
        "Count": 2298.0,
        "LM Score": 76.58966552123724,
        "SS Score": 58.97280745704034,
        "ICAT Score": 62.84517908281358
      },
      "profession": {
        "Count": 0,
        "LM Score": NaN,
        "SS Score": NaN,
        "ICAT Score": NaN
      },
      "race": {
        "Count": 8877.0,
        "LM Score": 76.95911936294489,
        "SS Score": 51.18073298966181,
        "ICAT Score": 75.14175594120188
      },
      "religion": {
        "Count": 735.0,
        "LM Score": 82.52491619349856,
        "SS Score": 48.67241102873287,
        "ICAT Score": 80.33373282163389
      },
      "overall": {
        "Count": 3970.0,
        "LM Score": 77.21575460125906,
        "SS Score": 52.570123360536776,
        "ICAT Score": 73.24667430721564
      }
    },
    "overall": {
      "Count": 3970.0,
      "LM Score": 77.21575460125906,
      "SS Score": 52.570123360536776,
      "ICAT Score": 73.24667430721564
    }
  }
}