{
  "stereoset_m-DropoutLlama2LMHeadModel_c-meta-llama_Llama-2-7b-hf_s-42_ckpt_200": {
    "intrasentence": {
      "gender": {
        "Count": 2298.0,
        "LM Score": 76.54874030822307,
        "SS Score": 58.528755454292686,
        "ICAT Score": 63.49143057976324
      },
      "profession": {
        "Count": 0,
        "LM Score": NaN,
        "SS Score": NaN,
        "ICAT Score": NaN
      },
      "race": {
        "Count": 8877.0,
        "LM Score": 76.98450485528748,
        "SS Score": 50.74058713503807,
        "ICAT Score": 75.84423017742544
      },
      "religion": {
        "Count": 735.0,
        "LM Score": 81.1683105457052,
        "SS Score": 51.908742598397765,
        "ICAT Score": 78.06972230613387
      },
      "overall": {
        "Count": 3970.0,
        "LM Score": 77.1462240316153,
        "SS Score": 52.346892718905664,
        "ICAT Score": 73.52514580219804
      }
    },
    "overall": {
      "Count": 3970.0,
      "LM Score": 77.1462240316153,
      "SS Score": 52.346892718905664,
      "ICAT Score": 73.52514580219804
    }
  }
}