{
  "stereoset_m-DropoutLlama2LMHeadModel_c-meta-llama_Llama-2-7b-hf_s-42_ckpt_1000": {
    "intrasentence": {
      "gender": {
        "Count": 2298.0,
        "LM Score": 76.4909278710628,
        "SS Score": 59.367124187563974,
        "ICAT Score": 62.16092745925792
      },
      "profession": {
        "Count": 0,
        "LM Score": NaN,
        "SS Score": NaN,
        "ICAT Score": NaN
      },
      "race": {
        "Count": 8877.0,
        "LM Score": 76.5051104181721,
        "SS Score": 50.97827085145515,
        "ICAT Score": 75.00825602798298
      },
      "religion": {
        "Count": 735.0,
        "LM Score": 81.9423988102149,
        "SS Score": 47.58914634393561,
        "ICAT Score": 77.99137617504904
      },
      "overall": {
        "Count": 3970.0,
        "LM Score": 76.82425593866621,
        "SS Score": 52.43329374300508,
        "ICAT Score": 73.08553631293466
      }
    },
    "overall": {
      "Count": 3970.0,
      "LM Score": 76.82425593866621,
      "SS Score": 52.43329374300508,
      "ICAT Score": 73.08553631293466
    }
  }
}