{
  "stereoset_m-DropoutLlama2LMHeadModel_c-meta-llama_Llama-2-7b-hf_s-42_ckpt_1100": {
    "intrasentence": {
      "gender": {
        "Count": 2298.0,
        "LM Score": 76.51479579058291,
        "SS Score": 59.61452085959832,
        "ICAT Score": 61.8017337866536
      },
      "profession": {
        "Count": 0,
        "LM Score": NaN,
        "SS Score": NaN,
        "ICAT Score": NaN
      },
      "race": {
        "Count": 8877.0,
        "LM Score": 76.68896119434767,
        "SS Score": 51.162556681876595,
        "ICAT Score": 74.9058559090944
      },
      "religion": {
        "Count": 735.0,
        "LM Score": 81.94878450625578,
        "SS Score": 48.32796123983863,
        "ICAT Score": 79.20835362540436
      },
      "overall": {
        "Count": 3970.0,
        "LM Score": 76.96602335023076,
        "SS Score": 52.662869618411534,
        "ICAT Score": 72.86701364564512
      }
    },
    "overall": {
      "Count": 3970.0,
      "LM Score": 76.96602335023076,
      "SS Score": 52.662869618411534,
      "ICAT Score": 72.86701364564512
    }
  }
}