{
  "stereoset_m-CDAPhi2LMHeadModel_c-microsoft_phi-2_t-religion_s-42_ckpt_500": {
    "intrasentence": {
      "gender": {
        "Count": 2298.0,
        "LM Score": 72.08359803106177,
        "SS Score": 57.38966138901172,
        "ICAT Score": 61.4301304080382
      },
      "profession": {
        "Count": 0,
        "LM Score": NaN,
        "SS Score": NaN,
        "ICAT Score": NaN
      },
      "race": {
        "Count": 8877.0,
        "LM Score": 78.50679414678456,
        "SS Score": 55.1245948185819,
        "ICAT Score": 70.46048393662281
      },
      "religion": {
        "Count": 735.0,
        "LM Score": 81.84900915743827,
        "SS Score": 53.92274321393094,
        "ICAT Score": 75.42755625265202
      },
      "overall": {
        "Count": 3970.0,
        "LM Score": 77.4369523811543,
        "SS Score": 55.50048516510187,
        "ICAT Score": 68.91813622508951
      }
    },
    "overall": {
      "Count": 3970.0,
      "LM Score": 77.4369523811543,
      "SS Score": 55.50048516510187,
      "ICAT Score": 68.91813622508951
    }
  }
}