{
  "stereoset_m-CDAPhi2LMHeadModel_c-microsoft_phi-2_t-religion_s-42_ckpt_1000": {
    "intrasentence": {
      "gender": {
        "Count": 2298.0,
        "LM Score": 71.35285030968438,
        "SS Score": 57.99318791135383,
        "ICAT Score": 59.94611549896422
      },
      "profession": {
        "Count": 0,
        "LM Score": NaN,
        "SS Score": NaN,
        "ICAT Score": NaN
      },
      "race": {
        "Count": 8877.0,
        "LM Score": 78.79948551600661,
        "SS Score": 55.37287407318622,
        "ICAT Score": 70.33189126181932
      },
      "religion": {
        "Count": 735.0,
        "LM Score": 80.62133375351766,
        "SS Score": 52.68817531269638,
        "ICAT Score": 76.28684817206043
      },
      "overall": {
        "Count": 3970.0,
        "LM Score": 77.43762747619039,
        "SS Score": 55.73107885147977,
        "ICAT Score": 68.56160449343912
      }
    },
    "overall": {
      "Count": 3970.0,
      "LM Score": 77.43762747619039,
      "SS Score": 55.73107885147977,
      "ICAT Score": 68.56160449343912
    }
  }
}