{
  "stereoset_m-CDAPhi2LMHeadModel_c-microsoft_phi-2_t-religion_s-42_ckpt_1200": {
    "intrasentence": {
      "gender": {
        "Count": 2298.0,
        "LM Score": 70.64974736380283,
        "SS Score": 58.46247294730553,
        "ICAT Score": 58.692315847799804
      },
      "profession": {
        "Count": 0,
        "LM Score": NaN,
        "SS Score": NaN,
        "ICAT Score": NaN
      },
      "race": {
        "Count": 8877.0,
        "LM Score": 78.83829764923759,
        "SS Score": 55.622758526708495,
        "ICAT Score": 69.97252344246893
      },
      "religion": {
        "Count": 735.0,
        "LM Score": 80.78033113473727,
        "SS Score": 52.68817531269638,
        "ICAT Score": 76.43729729658048
      },
      "overall": {
        "Count": 3970.0,
        "LM Score": 77.3371252334906,
        "SS Score": 56.00947026152298,
        "ICAT Score": 68.0420221494438
      }
    },
    "overall": {
      "Count": 3970.0,
      "LM Score": 77.3371252334906,
      "SS Score": 56.00947026152298,
      "ICAT Score": 68.0420221494438
    }
  }
}