{
  "stereoset_m-CDAPhi2LMHeadModel_c-microsoft_phi-2_t-religion_s-42_ckpt_1600": {
    "intrasentence": {
      "gender": {
        "Count": 2298.0,
        "LM Score": 70.65624040617793,
        "SS Score": 58.65432498628401,
        "ICAT Score": 58.426599070496415
      },
      "profession": {
        "Count": 0,
        "LM Score": NaN,
        "SS Score": NaN,
        "ICAT Score": NaN
      },
      "race": {
        "Count": 8877.0,
        "LM Score": 78.73179919144685,
        "SS Score": 55.219404785545784,
        "ICAT Score": 70.51313660195751
      },
      "religion": {
        "Count": 735.0,
        "LM Score": 80.38299893663878,
        "SS Score": 53.879665105718736,
        "ICAT Score": 74.14581661528871
      },
      "overall": {
        "Count": 3970.0,
        "LM Score": 77.23570731084594,
        "SS Score": 55.81802287043856,
        "ICAT Score": 68.24852507986593
      }
    },
    "overall": {
      "Count": 3970.0,
      "LM Score": 77.23570731084594,
      "SS Score": 55.81802287043856,
      "ICAT Score": 68.24852507986593
    }
  }
}