{
  "stereoset_m-CDAPhi2LMHeadModel_c-microsoft_phi-2_t-religion_s-42_ckpt_100": {
    "intrasentence": {
      "gender": {
        "Count": 2298.0,
        "LM Score": 72.68994819107265,
        "SS Score": 54.25901118149995,
        "ICAT Score": 66.49820214850403
      },
      "profession": {
        "Count": 0,
        "LM Score": NaN,
        "SS Score": NaN,
        "ICAT Score": NaN
      },
      "race": {
        "Count": 8877.0,
        "LM Score": 77.96368431713732,
        "SS Score": 54.20116551180073,
        "ICAT Score": 71.41291748261578
      },
      "religion": {
        "Count": 735.0,
        "LM Score": 81.03234958598944,
        "SS Score": 52.767005947082566,
        "ICAT Score": 76.54800972177931
      },
      "overall": {
        "Count": 3970.0,
        "LM Score": 77.10451263054341,
        "SS Score": 54.12766507764621,
        "ICAT Score": 70.7392805482629
      }
    },
    "overall": {
      "Count": 3970.0,
      "LM Score": 77.10451263054341,
      "SS Score": 54.12766507764621,
      "ICAT Score": 70.7392805482629
    }
  }
}