{
  "stereoset_m-CDAPhi2LMHeadModel_c-microsoft_phi-2_t-religion_s-42_ckpt_300": {
    "intrasentence": {
      "gender": {
        "Count": 2298.0,
        "LM Score": 72.54553868032129,
        "SS Score": 56.52385059274114,
        "ICAT Score": 63.0800135699145
      },
      "profession": {
        "Count": 0,
        "LM Score": NaN,
        "SS Score": NaN,
        "ICAT Score": NaN
      },
      "race": {
        "Count": 8877.0,
        "LM Score": 78.53493442687369,
        "SS Score": 54.66014670647239,
        "ICAT Score": 71.21524810662528
      },
      "religion": {
        "Count": 735.0,
        "LM Score": 80.95816770146273,
        "SS Score": 53.879665105718736,
        "ICAT Score": 74.67635613637691
      },
      "overall": {
        "Count": 3970.0,
        "LM Score": 77.49629776289164,
        "SS Score": 54.981770273454494,
        "ICAT Score": 69.77492271293261
      }
    },
    "overall": {
      "Count": 3970.0,
      "LM Score": 77.49629776289164,
      "SS Score": 54.981770273454494,
      "ICAT Score": 69.77492271293261
    }
  }
}