{
  "stereoset_m-CDAPhi2LMHeadModel_c-microsoft_phi-2_t-religion_s-42_ckpt_900": {
    "intrasentence": {
      "gender": {
        "Count": 2298.0,
        "LM Score": 71.08919618334909,
        "SS Score": 58.52171068700305,
        "ICAT Score": 58.973164926427046
      },
      "profession": {
        "Count": 0,
        "LM Score": NaN,
        "SS Score": NaN,
        "ICAT Score": NaN
      },
      "race": {
        "Count": 8877.0,
        "LM Score": 78.74878130293888,
        "SS Score": 55.30480439533443,
        "ICAT Score": 70.39384367927768
      },
      "religion": {
        "Count": 735.0,
        "LM Score": 80.84128550603647,
        "SS Score": 53.1143951833607,
        "ICAT Score": 75.80585130210274
      },
      "overall": {
        "Count": 3970.0,
        "LM Score": 77.36091935715062,
        "SS Score": 55.81002482850741,
        "ICAT Score": 68.37154211272653
      }
    },
    "overall": {
      "Count": 3970.0,
      "LM Score": 77.36091935715062,
      "SS Score": 55.81002482850741,
      "ICAT Score": 68.37154211272653
    }
  }
}