{
  "stereoset_m-CDAPhi2LMHeadModel_c-microsoft_phi-2_t-religion_s-42_ckpt_1300": {
    "intrasentence": {
      "gender": {
        "Count": 2298.0,
        "LM Score": 70.50487232980986,
        "SS Score": 58.23870147935615,
        "ICAT Score": 58.88750041050143
      },
      "profession": {
        "Count": 0,
        "LM Score": NaN,
        "SS Score": NaN,
        "ICAT Score": NaN
      },
      "race": {
        "Count": 8877.0,
        "LM Score": 78.8083210385569,
        "SS Score": 55.80813607762452,
        "ICAT Score": 69.65373198573575
      },
      "religion": {
        "Count": 735.0,
        "LM Score": 80.52780588221202,
        "SS Score": 53.879665105718736,
        "ICAT Score": 74.27938751178581
      },
      "overall": {
        "Count": 3970.0,
        "LM Score": 77.2712940802048,
        "SS Score": 56.173667151998174,
        "ICAT Score": 67.73034907909776
      }
    },
    "overall": {
      "Count": 3970.0,
      "LM Score": 77.2712940802048,
      "SS Score": 56.173667151998174,
      "ICAT Score": 67.73034907909776
    }
  }
}