{
  "stereoset_m-CDAPhi2LMHeadModel_c-microsoft_phi-2_t-religion_s-42_ckpt_400": {
    "intrasentence": {
      "gender": {
        "Count": 2313.0,
        "LM Score": 92.32699946785401,
        "SS Score": 69.95904962936447,
        "ICAT Score": 55.4718161776699
      },
      "profession": {
        "Count": 7194.0,
        "LM Score": 92.15744072600606,
        "SS Score": 67.57942883587883,
        "ICAT Score": 59.75593730721516
      },
      "race": {
        "Count": 8928.0,
        "LM Score": 92.15061885109404,
        "SS Score": 60.15122183564076,
        "ICAT Score": 73.44179136611334
      },
      "religion": {
        "Count": 741.0,
        "LM Score": 92.87846417991022,
        "SS Score": 66.01743788741686,
        "ICAT Score": 63.12496355830255
      },
      "overall": {
        "Count": 6392.0,
        "LM Score": 92.20208990565696,
        "SS Score": 64.3477896385297,
        "ICAT Score": 65.74416610167357
      }
    },
    "overall": {
      "Count": 6392.0,
      "LM Score": 92.20208990565696,
      "SS Score": 64.3477896385297,
      "ICAT Score": 65.74416610167357
    }
  }
}