{
  "stereoset_m-CDAPhi2LMHeadModel_c-microsoft_phi-2_t-religion_s-42_ckpt_1000": {
    "intrasentence": {
      "gender": {
        "Count": 2313.0,
        "LM Score": 92.13441022856315,
        "SS Score": 68.74791638202434,
        "ICAT Score": 57.587845851118544
      },
      "profession": {
        "Count": 7194.0,
        "LM Score": 92.04913798138206,
        "SS Score": 66.03164513598759,
        "ICAT Score": 62.53515567756058
      },
      "race": {
        "Count": 8928.0,
        "LM Score": 92.0793558373093,
        "SS Score": 60.17579273415158,
        "ICAT Score": 73.3397470354163
      },
      "religion": {
        "Count": 741.0,
        "LM Score": 93.18009119331576,
        "SS Score": 67.34085800950218,
        "ICAT Score": 60.86363657940068
      },
      "overall": {
        "Count": 6392.0,
        "LM Score": 92.11587915511187,
        "SS Score": 63.682718408034134,
        "ICAT Score": 66.90796644735393
      }
    },
    "overall": {
      "Count": 6392.0,
      "LM Score": 92.11587915511187,
      "SS Score": 63.682718408034134,
      "ICAT Score": 66.90796644735393
    }
  }
}