{
  "stereoset_m-DropoutGPT2LMHeadModel_c-gpt2_s-42_ckpt_1900": {
    "intrasentence": {
      "gender": {
        "Count": 2298.0,
        "LM Score": 76.40988958567668,
        "SS Score": 52.0657231592514,
        "ICAT Score": 73.25305601541719
      },
      "profession": {
        "Count": 0,
        "LM Score": NaN,
        "SS Score": NaN,
        "ICAT Score": NaN
      },
      "race": {
        "Count": 8877.0,
        "LM Score": 78.31088108402392,
        "SS Score": 50.443394943998626,
        "ICAT Score": 77.61642810936924
      },
      "religion": {
        "Count": 735.0,
        "LM Score": 83.76728883433864,
        "SS Score": 49.164413704643586,
        "ICAT Score": 82.36739286335593
      },
      "overall": {
        "Count": 3970.0,
        "LM Score": 78.25876216825034,
        "SS Score": 50.687862149941964,
        "ICAT Score": 77.18213736031335
      }
    },
    "overall": {
      "Count": 3970.0,
      "LM Score": 78.25876216825034,
      "SS Score": 50.687862149941964,
      "ICAT Score": 77.18213736031335
    }
  }
}