{
  "stereoset_m-DropoutGPT2LMHeadModel_c-gpt2_s-42_ckpt_1500": {
    "intrasentence": {
      "gender": {
        "Count": 2298.0,
        "LM Score": 76.66716107480725,
        "SS Score": 51.84081768362128,
        "ICAT Score": 73.84455575761632
      },
      "profession": {
        "Count": 0,
        "LM Score": NaN,
        "SS Score": NaN,
        "ICAT Score": NaN
      },
      "race": {
        "Count": 8877.0,
        "LM Score": 78.36496073375557,
        "SS Score": 49.92071138575913,
        "ICAT Score": 78.24069175092316
      },
      "religion": {
        "Count": 735.0,
        "LM Score": 83.01254655660786,
        "SS Score": 49.65476697277464,
        "ICAT Score": 82.43937310169937
      },
      "overall": {
        "Count": 3970.0,
        "LM Score": 78.30505469847412,
        "SS Score": 50.28393302535784,
        "ICAT Score": 77.86038687684714
      }
    },
    "overall": {
      "Count": 3970.0,
      "LM Score": 78.30505469847412,
      "SS Score": 50.28393302535784,
      "ICAT Score": 77.86038687684714
    }
  }
}