{
  "stereoset_m-DropoutGPT2LMHeadModel_c-gpt2_s-42_ckpt_700": {
    "intrasentence": {
      "gender": {
        "Count": 2298.0,
        "LM Score": 76.1806878912451,
        "SS Score": 52.000452004175145,
        "ICAT Score": 73.13277169581545
      },
      "profession": {
        "Count": 0,
        "LM Score": NaN,
        "SS Score": NaN,
        "ICAT Score": NaN
      },
      "race": {
        "Count": 8877.0,
        "LM Score": 78.59547503761341,
        "SS Score": 49.82782287926989,
        "ICAT Score": 78.32482818572558
      },
      "religion": {
        "Count": 735.0,
        "LM Score": 82.57264305157025,
        "SS Score": 47.957314432410215,
        "ICAT Score": 79.19924412678654
      },
      "overall": {
        "Count": 3970.0,
        "LM Score": 78.35436252270921,
        "SS Score": 50.14587746956871,
        "ICAT Score": 78.12575980001957
      }
    },
    "overall": {
      "Count": 3970.0,
      "LM Score": 78.35436252270921,
      "SS Score": 50.14587746956871,
      "ICAT Score": 78.12575980001957
    }
  }
}