{
  "stereoset_m-DropoutGPT2LMHeadModel_c-gpt2_s-42_ckpt_400": {
    "intrasentence": {
      "gender": {
        "Count": 2298.0,
        "LM Score": 76.88185881852799,
        "SS Score": 52.39649243994572,
        "ICAT Score": 73.19692294997645
      },
      "profession": {
        "Count": 0,
        "LM Score": NaN,
        "SS Score": NaN,
        "ICAT Score": NaN
      },
      "race": {
        "Count": 8877.0,
        "LM Score": 78.26307119378352,
        "SS Score": 49.703529462108214,
        "ICAT Score": 77.79901729750584
      },
      "religion": {
        "Count": 735.0,
        "LM Score": 82.56580123438361,
        "SS Score": 49.13501923080467,
        "ICAT Score": 81.1374446291647
      },
      "overall": {
        "Count": 3970.0,
        "LM Score": 78.24523039843966,
        "SS Score": 50.2013735229858,
        "ICAT Score": 77.93010004439627
      }
    },
    "overall": {
      "Count": 3970.0,
      "LM Score": 78.24523039843966,
      "SS Score": 50.2013735229858,
      "ICAT Score": 77.93010004439627
    }
  }
}