{
  "stereoset_m-DropoutGPT2LMHeadModel_c-gpt2_s-42_ckpt_600": {
    "intrasentence": {
      "gender": {
        "Count": 2298.0,
        "LM Score": 76.8783985777489,
        "SS Score": 53.00940273841323,
        "ICAT Score": 72.25123731365487
      },
      "profession": {
        "Count": 0,
        "LM Score": NaN,
        "SS Score": NaN,
        "ICAT Score": NaN
      },
      "race": {
        "Count": 8877.0,
        "LM Score": 78.34115579372848,
        "SS Score": 50.054173468087484,
        "ICAT Score": 78.25627555166191
      },
      "religion": {
        "Count": 735.0,
        "LM Score": 82.60837254132272,
        "SS Score": 49.149716467724126,
        "ICAT Score": 81.20356176532277
      },
      "overall": {
        "Count": 3970.0,
        "LM Score": 78.30511786115584,
        "SS Score": 50.58388902799867,
        "ICAT Score": 77.3906878780504
      }
    },
    "overall": {
      "Count": 3970.0,
      "LM Score": 78.30511786115584,
      "SS Score": 50.58388902799867,
      "ICAT Score": 77.3906878780504
    }
  }
}