{
  "stereoset_m-DropoutGPT2LMHeadModel_c-gpt2_s-42_ckpt_500": {
    "intrasentence": {
      "gender": {
        "Count": 2298.0,
        "LM Score": 76.47396162474872,
        "SS Score": 52.88140702930808,
        "ICAT Score": 72.06690941305698
      },
      "profession": {
        "Count": 0,
        "LM Score": NaN,
        "SS Score": NaN,
        "ICAT Score": NaN
      },
      "race": {
        "Count": 8877.0,
        "LM Score": 78.42849331627723,
        "SS Score": 49.70429916198846,
        "ICAT Score": 77.96466589232512
      },
      "religion": {
        "Count": 735.0,
        "LM Score": 83.05246867507404,
        "SS Score": 48.64466596267362,
        "ICAT Score": 80.80119192148783
      },
      "overall": {
        "Count": 3970.0,
        "LM Score": 78.31651849708852,
        "SS Score": 50.26861848584211,
        "ICAT Score": 77.89577320478625
      }
    },
    "overall": {
      "Count": 3970.0,
      "LM Score": 78.31651849708852,
      "SS Score": 50.26861848584211,
      "ICAT Score": 77.89577320478625
    }
  }
}