{
  "stereoset_m-DropoutGPT2LMHeadModel_c-gpt2_s-42_ckpt_1000": {
    "intrasentence": {
      "gender": {
        "Count": 2298.0,
        "LM Score": 76.59511521942805,
        "SS Score": 52.26442106304675,
        "ICAT Score": 73.12624337484075
      },
      "profession": {
        "Count": 0,
        "LM Score": NaN,
        "SS Score": NaN,
        "ICAT Score": NaN
      },
      "race": {
        "Count": 8877.0,
        "LM Score": 78.495737904358,
        "SS Score": 50.21968942552092,
        "ICAT Score": 78.15084423303702
      },
      "religion": {
        "Count": 735.0,
        "LM Score": 82.79898050012993,
        "SS Score": 49.17617149417916,
        "ICAT Score": 81.43473729235171
      },
      "overall": {
        "Count": 3970.0,
        "LM Score": 78.37541226497675,
        "SS Score": 50.561467634361044,
        "ICAT Score": 77.49530711864698
      }
    },
    "overall": {
      "Count": 3970.0,
      "LM Score": 78.37541226497675,
      "SS Score": 50.561467634361044,
      "ICAT Score": 77.49530711864698
    }
  }
}