{
  "stereoset_m-DropoutGPT2LMHeadModel_c-gpt2_s-42_ckpt_1100": {
    "intrasentence": {
      "gender": {
        "Count": 2298.0,
        "LM Score": 76.5880389623518,
        "SS Score": 52.785986470819054,
        "ICAT Score": 72.32057415483831
      },
      "profession": {
        "Count": 0,
        "LM Score": NaN,
        "SS Score": NaN,
        "ICAT Score": NaN
      },
      "race": {
        "Count": 8877.0,
        "LM Score": 78.61393173264771,
        "SS Score": 50.30709037190974,
        "ICAT Score": 78.1311001019864
      },
      "religion": {
        "Count": 735.0,
        "LM Score": 82.79310160536214,
        "SS Score": 49.232020994473096,
        "ICAT Score": 81.52143432865466
      },
      "overall": {
        "Count": 3970.0,
        "LM Score": 78.46153532307898,
        "SS Score": 50.732690757240974,
        "ICAT Score": 77.31177448847586
      }
    },
    "overall": {
      "Count": 3970.0,
      "LM Score": 78.46153532307898,
      "SS Score": 50.732690757240974,
      "ICAT Score": 77.31177448847586
    }
  }
}