{
  "stereoset_m-DropoutGPT2LMHeadModel_c-gpt2_s-42_ckpt_1400": {
    "intrasentence": {
      "gender": {
        "Count": 2298.0,
        "LM Score": 76.307642815289,
        "SS Score": 52.632174716282655,
        "ICAT Score": 72.29054185373838
      },
      "profession": {
        "Count": 0,
        "LM Score": NaN,
        "SS Score": NaN,
        "ICAT Score": NaN
      },
      "race": {
        "Count": 8877.0,
        "LM Score": 78.53999885368297,
        "SS Score": 50.03550402972894,
        "ICAT Score": 78.48422912459874
      },
      "religion": {
        "Count": 735.0,
        "LM Score": 82.99202110504793,
        "SS Score": 50.4650408481826,
        "ICAT Score": 82.22012750730633
      },
      "overall": {
        "Count": 3970.0,
        "LM Score": 78.36300884783077,
        "SS Score": 50.57343792422035,
        "ICAT Score": 77.46428242524355
      }
    },
    "overall": {
      "Count": 3970.0,
      "LM Score": 78.36300884783077,
      "SS Score": 50.57343792422035,
      "ICAT Score": 77.46428242524355
    }
  }
}