{
  "stereoset_m-CDAGPT2LMHeadModel_c-gpt2_t-race-color_s-42_ckpt_1400": {
    "intrasentence": {
      "gender": {
        "Count": 2298.0,
        "LM Score": 77.12448029555728,
        "SS Score": 53.67276769818,
        "ICAT Score": 71.45927429618843
      },
      "profession": {
        "Count": 0,
        "LM Score": NaN,
        "SS Score": NaN,
        "ICAT Score": NaN
      },
      "race": {
        "Count": 8877.0,
        "LM Score": 77.86799981914987,
        "SS Score": 50.76324097671017,
        "ICAT Score": 76.67935885442117
      },
      "religion": {
        "Count": 735.0,
        "LM Score": 82.50530298423018,
        "SS Score": 50.398981605878156,
        "ICAT Score": 81.84694101866795
      },
      "overall": {
        "Count": 3970.0,
        "LM Score": 77.99582970584686,
        "SS Score": 51.31592168267469,
        "ICAT Score": 75.94310163648433
      }
    },
    "overall": {
      "Count": 3970.0,
      "LM Score": 77.99582970584686,
      "SS Score": 51.31592168267469,
      "ICAT Score": 75.94310163648433
    }
  }
}