{
  "stereoset_m-CDAGPT2LMHeadModel_c-gpt2_t-race-color_s-42_ckpt_1700": {
    "intrasentence": {
      "gender": {
        "Count": 2298.0,
        "LM Score": 76.28845308632914,
        "SS Score": 54.47555979012751,
        "ICAT Score": 69.45978242464506
      },
      "profession": {
        "Count": 0,
        "LM Score": NaN,
        "SS Score": NaN,
        "ICAT Score": NaN
      },
      "race": {
        "Count": 8877.0,
        "LM Score": 77.95013479501385,
        "SS Score": 50.711431490411464,
        "ICAT Score": 76.84101118351403
      },
      "religion": {
        "Count": 735.0,
        "LM Score": 82.0732042187981,
        "SS Score": 49.85085299261544,
        "ICAT Score": 81.82838476288418
      },
      "overall": {
        "Count": 3970.0,
        "LM Score": 77.8663004104975,
        "SS Score": 51.4033962437754,
        "ICAT Score": 75.68075494024193
      }
    },
    "overall": {
      "Count": 3970.0,
      "LM Score": 77.8663004104975,
      "SS Score": 51.4033962437754,
      "ICAT Score": 75.68075494024193
    }
  }
}