{
  "stereoset_m-CDAGPT2LMHeadModel_c-gpt2_t-race-color_s-42_ckpt_1300": {
    "intrasentence": {
      "gender": {
        "Count": 2298.0,
        "LM Score": 76.67084448904788,
        "SS Score": 54.02199922349848,
        "ICAT Score": 70.5034429490494
      },
      "profession": {
        "Count": 0,
        "LM Score": NaN,
        "SS Score": NaN,
        "ICAT Score": NaN
      },
      "race": {
        "Count": 8877.0,
        "LM Score": 78.03329996813629,
        "SS Score": 50.72931272945718,
        "ICAT Score": 76.89508638837005
      },
      "religion": {
        "Count": 735.0,
        "LM Score": 81.49266336047944,
        "SS Score": 49.94630670875881,
        "ICAT Score": 81.40515117432275
      },
      "overall": {
        "Count": 3970.0,
        "LM Score": 77.96922500865233,
        "SS Score": 51.33282286521345,
        "ICAT Score": 75.89084169116225
      }
    },
    "overall": {
      "Count": 3970.0,
      "LM Score": 77.96922500865233,
      "SS Score": 51.33282286521345,
      "ICAT Score": 75.89084169116225
    }
  }
}