{
  "stereoset_m-CDAGPT2LMHeadModel_c-gpt2_t-race-color_s-42_ckpt_700": {
    "intrasentence": {
      "gender": {
        "Count": 2298.0,
        "LM Score": 77.46574807741725,
        "SS Score": 53.84394048027231,
        "ICAT Score": 71.51027358003003
      },
      "profession": {
        "Count": 0,
        "LM Score": NaN,
        "SS Score": NaN,
        "ICAT Score": NaN
      },
      "race": {
        "Count": 8877.0,
        "LM Score": 78.2324925747137,
        "SS Score": 50.71338153118944,
        "ICAT Score": 77.1163002678794
      },
      "religion": {
        "Count": 735.0,
        "LM Score": 83.71980155505061,
        "SS Score": 49.89393110082765,
        "ICAT Score": 83.54220021125317
      },
      "overall": {
        "Count": 3970.0,
        "LM Score": 78.40606787671462,
        "SS Score": 51.282734916710695,
        "ICAT Score": 76.39458385776561
      }
    },
    "overall": {
      "Count": 3970.0,
      "LM Score": 78.40606787671462,
      "SS Score": 51.282734916710695,
      "ICAT Score": 76.39458385776561
    }
  }
}