{
  "stereoset_m-CDAGPT2LMHeadModel_c-gpt2_t-race-color_s-42_ckpt_900": {
    "intrasentence": {
      "gender": {
        "Count": 2298.0,
        "LM Score": 76.616522764074,
        "SS Score": 53.33844450013866,
        "ICAT Score": 71.50092258324459
      },
      "profession": {
        "Count": 0,
        "LM Score": NaN,
        "SS Score": NaN,
        "ICAT Score": NaN
      },
      "race": {
        "Count": 8877.0,
        "LM Score": 78.32636273937038,
        "SS Score": 50.63620049595425,
        "ICAT Score": 77.32973732294879
      },
      "religion": {
        "Count": 735.0,
        "LM Score": 82.6978367878751,
        "SS Score": 50.20845197090407,
        "ICAT Score": 82.35306624651639
      },
      "overall": {
        "Count": 3970.0,
        "LM Score": 78.24773160238124,
        "SS Score": 51.14421091306004,
        "ICAT Score": 76.45709343394847
      }
    },
    "overall": {
      "Count": 3970.0,
      "LM Score": 78.24773160238124,
      "SS Score": 51.14421091306004,
      "ICAT Score": 76.45709343394847
    }
  }
}