{
  "stereoset_m-CDAGPT2LMHeadModel_c-gpt2_t-race-color_s-42_ckpt_600": {
    "intrasentence": {
      "gender": {
        "Count": 2298.0,
        "LM Score": 76.65061312352668,
        "SS Score": 53.670349497985676,
        "ICAT Score": 71.02392233556208
      },
      "profession": {
        "Count": 0,
        "LM Score": NaN,
        "SS Score": NaN,
        "ICAT Score": NaN
      },
      "race": {
        "Count": 8877.0,
        "LM Score": 78.59723359830156,
        "SS Score": 50.62829816737518,
        "ICAT Score": 77.60958364169012
      },
      "religion": {
        "Count": 735.0,
        "LM Score": 83.10251760443332,
        "SS Score": 49.4824084670828,
        "ICAT Score": 82.24225441491018
      },
      "overall": {
        "Count": 3970.0,
        "LM Score": 78.47979242601168,
        "SS Score": 51.16085430300468,
        "ICAT Score": 76.65772033127868
      }
    },
    "overall": {
      "Count": 3970.0,
      "LM Score": 78.47979242601168,
      "SS Score": 51.16085430300468,
      "ICAT Score": 76.65772033127868
    }
  }
}