{
  "stereoset_m-CDAGPT2LMHeadModel_c-gpt2_t-race-color_s-42_ckpt_400": {
    "intrasentence": {
      "gender": {
        "Count": 2298.0,
        "LM Score": 77.42964347320918,
        "SS Score": 54.035509760197414,
        "ICAT Score": 71.18028183391435
      },
      "profession": {
        "Count": 0,
        "LM Score": NaN,
        "SS Score": NaN,
        "ICAT Score": NaN
      },
      "race": {
        "Count": 8877.0,
        "LM Score": 78.1770520090876,
        "SS Score": 50.651008831325036,
        "ICAT Score": 77.15917298379016
      },
      "religion": {
        "Count": 735.0,
        "LM Score": 82.87791710205504,
        "SS Score": 49.216789312574754,
        "ICAT Score": 81.57969969353758
      },
      "overall": {
        "Count": 3970.0,
        "LM Score": 78.30787786277415,
        "SS Score": 51.23408154315016,
        "ICAT Score": 76.37511172770002
      }
    },
    "overall": {
      "Count": 3970.0,
      "LM Score": 78.30787786277415,
      "SS Score": 51.23408154315016,
      "ICAT Score": 76.37511172770002
    }
  }
}