{
  "stereoset_m-CDAGPT2LMHeadModel_c-gpt2_t-race-color_s-42_ckpt_1200": {
    "intrasentence": {
      "gender": {
        "Count": 2298.0,
        "LM Score": 76.94992657498905,
        "SS Score": 53.7311964406667,
        "ICAT Score": 71.20762073206579
      },
      "profession": {
        "Count": 0,
        "LM Score": NaN,
        "SS Score": NaN,
        "ICAT Score": NaN
      },
      "race": {
        "Count": 8877.0,
        "LM Score": 78.06401687670923,
        "SS Score": 50.90591769329913,
        "ICAT Score": 76.64962539473697
      },
      "religion": {
        "Count": 735.0,
        "LM Score": 82.31423890427722,
        "SS Score": 49.002264940962256,
        "ICAT Score": 80.6716828640211
      },
      "overall": {
        "Count": 3970.0,
        "LM Score": 78.09578851615993,
        "SS Score": 51.35082221731225,
        "ICAT Score": 75.98591799203697
      }
    },
    "overall": {
      "Count": 3970.0,
      "LM Score": 78.09578851615993,
      "SS Score": 51.35082221731225,
      "ICAT Score": 75.98591799203697
    }
  }
}