{
  "stereoset_m-CDAGPT2LMHeadModel_c-gpt2_t-race-color_s-42_ckpt_800": {
    "intrasentence": {
      "gender": {
        "Count": 2298.0,
        "LM Score": 77.28110355365476,
        "SS Score": 53.506876004777055,
        "ICAT Score": 71.86079860015471
      },
      "profession": {
        "Count": 0,
        "LM Score": NaN,
        "SS Score": NaN,
        "ICAT Score": NaN
      },
      "race": {
        "Count": 8877.0,
        "LM Score": 78.19711370265544,
        "SS Score": 50.341448278539474,
        "ICAT Score": 77.6631083054449
      },
      "religion": {
        "Count": 735.0,
        "LM Score": 81.4911936367875,
        "SS Score": 49.1232614412691,
        "ICAT Score": 80.06226420361995
      },
      "overall": {
        "Count": 3970.0,
        "LM Score": 78.21136643250523,
        "SS Score": 50.89407426703745,
        "ICAT Score": 76.81283103016243
      }
    },
    "overall": {
      "Count": 3970.0,
      "LM Score": 78.21136643250523,
      "SS Score": 50.89407426703745,
      "ICAT Score": 76.81283103016243
    }
  }
}