{
  "stereoset_m-CDAGPT2LMHeadModel_c-gpt2_t-race-color_s-42_ckpt_1500": {
    "intrasentence": {
      "gender": {
        "Count": 2298.0,
        "LM Score": 76.62869879579026,
        "SS Score": 53.79208134213132,
        "ICAT Score": 70.81705361628391
      },
      "profession": {
        "Count": 0,
        "LM Score": NaN,
        "SS Score": NaN,
        "ICAT Score": NaN
      },
      "race": {
        "Count": 8877.0,
        "LM Score": 77.81747970005563,
        "SS Score": 50.46465955264582,
        "ICAT Score": 77.09430699394657
      },
      "religion": {
        "Count": 735.0,
        "LM Score": 82.26477510002414,
        "SS Score": 49.732795939692494,
        "ICAT Score": 81.82514546148393
      },
      "overall": {
        "Count": 3970.0,
        "LM Score": 77.84617859131717,
        "SS Score": 51.07805350769835,
        "ICAT Score": 76.16773167349153
      }
    },
    "overall": {
      "Count": 3970.0,
      "LM Score": 77.84617859131717,
      "SS Score": 51.07805350769835,
      "ICAT Score": 76.16773167349153
    }
  }
}