{
  "stereoset_m-CDAGPT2LMHeadModel_c-gpt2_t-race-color_s-42_ckpt_2000": {
    "intrasentence": {
      "gender": {
        "Count": 2298.0,
        "LM Score": 76.69130436493006,
        "SS Score": 53.31208777155805,
        "ICAT Score": 71.61113773749163
      },
      "profession": {
        "Count": 0,
        "LM Score": NaN,
        "SS Score": NaN,
        "ICAT Score": NaN
      },
      "race": {
        "Count": 8877.0,
        "LM Score": 78.23983245475148,
        "SS Score": 51.09727017982183,
        "ICAT Score": 76.52282775421439
      },
      "religion": {
        "Count": 735.0,
        "LM Score": 82.88205905064143,
        "SS Score": 50.37151297687696,
        "ICAT Score": 82.26622384088952
      },
      "overall": {
        "Count": 3970.0,
        "LM Score": 78.20907059072756,
        "SS Score": 51.49143276485855,
        "ICAT Score": 75.87619918296463
      }
    },
    "overall": {
      "Count": 3970.0,
      "LM Score": 78.20907059072756,
      "SS Score": 51.49143276485855,
      "ICAT Score": 75.87619918296463
    }
  }
}