{
  "stereoset_m-CDAGPT2LMHeadModel_c-gpt2_t-race-color_s-42_ckpt_1600": {
    "intrasentence": {
      "gender": {
        "Count": 2298.0,
        "LM Score": 76.61964824650981,
        "SS Score": 53.54355304217873,
        "ICAT Score": 71.18953249381813
      },
      "profession": {
        "Count": 0,
        "LM Score": NaN,
        "SS Score": NaN,
        "ICAT Score": NaN
      },
      "race": {
        "Count": 8877.0,
        "LM Score": 78.10351314693898,
        "SS Score": 51.21802492482497,
        "ICAT Score": 76.20087263235166
      },
      "religion": {
        "Count": 735.0,
        "LM Score": 82.29219304889803,
        "SS Score": 51.52185050652483,
        "ICAT Score": 79.78746473540794
      },
      "overall": {
        "Count": 3970.0,
        "LM Score": 78.05865901604923,
        "SS Score": 51.695000410061226,
        "ICAT Score": 75.41246983522858
      }
    },
    "overall": {
      "Count": 3970.0,
      "LM Score": 78.05865901604923,
      "SS Score": 51.695000410061226,
      "ICAT Score": 75.41246983522858
    }
  }
}