{
  "stereoset_m-INLPPhi2LMHeadModel_c-microsoft_phi-2_t-religion_s-42": {
    "intrasentence": {
      "gender": {
        "Count": 2313.0,
        "LM Score": 91.70375256418485,
        "SS Score": 68.87589703686655,
        "ICAT Score": 57.083940738268055
      },
      "profession": {
        "Count": 7194.0,
        "LM Score": 92.0043162859279,
        "SS Score": 68.3594624692968,
        "ICAT Score": 58.221320448631786
      },
      "race": {
        "Count": 8928.0,
        "LM Score": 92.6415977618697,
        "SS Score": 61.73700264222117,
        "ICAT Score": 70.8949042076566
      },
      "religion": {
        "Count": 741.0,
        "LM Score": 90.13807525734359,
        "SS Score": 67.53998335076076,
        "ICAT Score": 58.517668471675044
      },
      "overall": {
        "Count": 6392.0,
        "LM Score": 92.19522424407614,
        "SS Score": 65.30070116558078,
        "ICAT Score": 63.982192743029806
      }
    },
    "overall": {
      "Count": 6392.0,
      "LM Score": 92.19522424407614,
      "SS Score": 65.30070116558078,
      "ICAT Score": 63.982192743029806
    }
  }
}