{
  "stereoset_m-INLPLlama2LMHeadModel_c-meta-llama_Llama-2-7b-hf_t-race-color_s-42": {
    "intrasentence": {
      "gender": {
        "Count": 2313.0,
        "LM Score": 88.74536177817039,
        "SS Score": 67.56810459516606,
        "ICAT Score": 57.56360581707539
      },
      "profession": {
        "Count": 7194.0,
        "LM Score": 87.99222179766613,
        "SS Score": 61.838143541343015,
        "ICAT Score": 67.15893075441686
      },
      "race": {
        "Count": 8928.0,
        "LM Score": 88.62828791436685,
        "SS Score": 63.758154772696386,
        "ICAT Score": 64.24105386706773
      },
      "religion": {
        "Count": 741.0,
        "LM Score": 91.4646751487068,
        "SS Score": 60.784488837263524,
        "ICAT Score": 71.73667978580355
      },
      "overall": {
        "Count": 6392.0,
        "LM Score": 88.5117331644499,
        "SS Score": 63.405817956305434,
        "ICAT Score": 64.78028952845594
      }
    },
    "overall": {
      "Count": 6392.0,
      "LM Score": 88.5117331644499,
      "SS Score": 63.405817956305434,
      "ICAT Score": 64.78028952845594
    }
  }
}