{
  "stereoset_m-INLPPhi2LMHeadModel_c-microsoft_phi-2_t-gender_s-42": {
    "intrasentence": {
      "gender": {
        "Count": 2313.0,
        "LM Score": 91.85970617847178,
        "SS Score": 68.39891938812478,
        "ICAT Score": 58.05731959858118
      },
      "profession": {
        "Count": 7194.0,
        "LM Score": 91.976987724036,
        "SS Score": 67.70752569113334,
        "ICAT Score": 59.403290261707525
      },
      "race": {
        "Count": 8928.0,
        "LM Score": 92.82364088656756,
        "SS Score": 61.56789508038148,
        "ICAT Score": 71.34815811147111
      },
      "religion": {
        "Count": 741.0,
        "LM Score": 92.68005148149753,
        "SS Score": 68.83767104691589,
        "ICAT Score": 57.76252503310393
      },
      "overall": {
        "Count": 6392.0,
        "LM Score": 92.38393373567357,
        "SS Score": 64.96841354277312,
        "ICAT Score": 64.72711523839935
      }
    },
    "overall": {
      "Count": 6392.0,
      "LM Score": 92.38393373567357,
      "SS Score": 64.96841354277312,
      "ICAT Score": 64.72711523839935
    }
  }
}