{
  "stereoset_m-INLPLlama2LMHeadModel_c-meta-llama_Llama-2-7b-hf_t-race-color_s-42": {
    "intrasentence": {
      "gender": {
        "Count": 2313.0,
        "LM Score": 88.82821424184493,
        "SS Score": 65.99379094908831,
        "ICAT Score": 60.414216462547
      },
      "profession": {
        "Count": 7194.0,
        "LM Score": 87.82287331586554,
        "SS Score": 61.95395117160551,
        "ICAT Score": 66.82626652850648
      },
      "race": {
        "Count": 8928.0,
        "LM Score": 88.89561556256788,
        "SS Score": 64.10935090607965,
        "ICAT Score": 63.81042688288337
      },
      "religion": {
        "Count": 741.0,
        "LM Score": 92.26066376758504,
        "SS Score": 59.999846027531106,
        "ICAT Score": 73.80881512611168
      },
      "overall": {
        "Count": 6392.0,
        "LM Score": 88.61345271967636,
        "SS Score": 63.38853140723936,
        "ICAT Score": 64.88537282285021
      }
    },
    "overall": {
      "Count": 6392.0,
      "LM Score": 88.61345271967636,
      "SS Score": 63.38853140723936,
      "ICAT Score": 64.88537282285021
    }
  }
}