{
  "stereoset_m-INLPPhi2LMHeadModel_c-microsoft_phi-2_t-race-color_s-42": {
    "intrasentence": {
      "gender": {
        "Count": 2313.0,
        "LM Score": 91.97178730721959,
        "SS Score": 69.32609492327133,
        "ICAT Score": 56.42267747197465
      },
      "profession": {
        "Count": 7194.0,
        "LM Score": 91.88069334750443,
        "SS Score": 68.06444072041865,
        "ICAT Score": 58.68522658096528
      },
      "race": {
        "Count": 8928.0,
        "LM Score": 92.58416328660391,
        "SS Score": 61.455885639176806,
        "ICAT Score": 71.37149155439978
      },
      "religion": {
        "Count": 741.0,
        "LM Score": 92.29558549636414,
        "SS Score": 69.63233544311284,
        "ICAT Score": 56.056027608701726
      },
      "overall": {
        "Count": 6392.0,
        "LM Score": 92.23589562539465,
        "SS Score": 65.19334135847443,
        "ICAT Score": 64.20846667056986
      }
    },
    "overall": {
      "Count": 6392.0,
      "LM Score": 92.23589562539465,
      "SS Score": 65.19334135847443,
      "ICAT Score": 64.20846667056986
    }
  }
}