{
  "stereoset_m-INLPLlama2LMHeadModel_c-meta-llama_Llama-2-7b-hf_t-religion_s-42": {
    "intrasentence": {
      "gender": {
        "Count": 2313.0,
        "LM Score": 88.84710435926077,
        "SS Score": 66.74918962337753,
        "ICAT Score": 59.084764391235346
      },
      "profession": {
        "Count": 7194.0,
        "LM Score": 87.79548158243932,
        "SS Score": 62.120348910008914,
        "ICAT Score": 66.5132441924108
      },
      "race": {
        "Count": 8928.0,
        "LM Score": 88.98057821817187,
        "SS Score": 64.06972999832131,
        "ICAT Score": 63.94192400568811
      },
      "religion": {
        "Count": 741.0,
        "LM Score": 91.87569098117855,
        "SS Score": 59.49479552248061,
        "ICAT Score": 74.42887299412043
      },
      "overall": {
        "Count": 6392.0,
        "LM Score": 88.63096293669996,
        "SS Score": 63.50677578559819,
        "ICAT Score": 64.68859205574657
      }
    },
    "overall": {
      "Count": 6392.0,
      "LM Score": 88.63096293669996,
      "SS Score": 63.50677578559819,
      "ICAT Score": 64.68859205574657
    }
  }
}