{
  "stereoset_m-CDAGPT2LMHeadModel_c-gpt2_t-gender_s-42_ckpt_1700": {
    "intrasentence": {
      "gender": {
        "Count": 2298.0,
        "LM Score": 76.43930726944221,
        "SS Score": 51.75697781127566,
        "ICAT Score": 73.75326393380837
      },
      "profession": {
        "Count": 0,
        "LM Score": NaN,
        "SS Score": NaN,
        "ICAT Score": NaN
      },
      "race": {
        "Count": 8877.0,
        "LM Score": 78.51200225248301,
        "SS Score": 49.85797574183177,
        "ICAT Score": 78.2889900749388
      },
      "religion": {
        "Count": 735.0,
        "LM Score": 83.12993555330719,
        "SS Score": 50.09467047781224,
        "ICAT Score": 82.97253653892055
      },
      "overall": {
        "Count": 3970.0,
        "LM Score": 78.37634797758955,
        "SS Score": 50.24679360174717,
        "ICAT Score": 77.98949235340596
      }
    },
    "overall": {
      "Count": 3970.0,
      "LM Score": 78.37634797758955,
      "SS Score": 50.24679360174717,
      "ICAT Score": 77.98949235340596
    }
  }
}