{
  "stereoset_m-CDAGPT2LMHeadModel_c-gpt2_t-gender_s-42_ckpt_1900": {
    "intrasentence": {
      "gender": {
        "Count": 2298.0,
        "LM Score": 76.17996811987317,
        "SS Score": 51.55461850604279,
        "ICAT Score": 73.81135235529507
      },
      "profession": {
        "Count": 0,
        "LM Score": NaN,
        "SS Score": NaN,
        "ICAT Score": NaN
      },
      "race": {
        "Count": 8877.0,
        "LM Score": 78.8508623781168,
        "SS Score": 49.44982758806229,
        "ICAT Score": 77.98323099535806
      },
      "religion": {
        "Count": 735.0,
        "LM Score": 82.73311015648181,
        "SS Score": 51.32923837904681,
        "ICAT Score": 80.53366965172376
      },
      "overall": {
        "Count": 3970.0,
        "LM Score": 78.55358212981402,
        "SS Score": 49.97652775028778,
        "ICAT Score": 78.51670554390321
      }
    },
    "overall": {
      "Count": 3970.0,
      "LM Score": 78.55358212981402,
      "SS Score": 49.97652775028778,
      "ICAT Score": 78.51670554390321
    }
  }
}