{
  "stereoset_m-CDAGPT2LMHeadModel_c-gpt2_t-gender_s-42_ckpt_100": {
    "intrasentence": {
      "gender": {
        "Count": 2298.0,
        "LM Score": 77.00079648311781,
        "SS Score": 52.859519352322955,
        "ICAT Score": 72.59709112936268
      },
      "profession": {
        "Count": 0,
        "LM Score": NaN,
        "SS Score": NaN,
        "ICAT Score": NaN
      },
      "race": {
        "Count": 8877.0,
        "LM Score": 78.60821975969112,
        "SS Score": 50.899973322481166,
        "ICAT Score": 77.19331374546195
      },
      "religion": {
        "Count": 735.0,
        "LM Score": 81.84983386132812,
        "SS Score": 49.25895517849541,
        "ICAT Score": 80.63674595084916
      },
      "overall": {
        "Count": 3970.0,
        "LM Score": 78.48290284270122,
        "SS Score": 51.189560280371836,
        "ICAT Score": 76.61569996450204
      }
    },
    "overall": {
      "Count": 3970.0,
      "LM Score": 78.48290284270122,
      "SS Score": 51.189560280371836,
      "ICAT Score": 76.61569996450204
    }
  }
}