{
  "stereoset_m-CDAGPT2LMHeadModel_c-gpt2_t-gender_s-42_ckpt_500": {
    "intrasentence": {
      "gender": {
        "Count": 2298.0,
        "LM Score": 77.21517519351102,
        "SS Score": 52.89322564177637,
        "ICAT Score": 72.7471566974286
      },
      "profession": {
        "Count": 0,
        "LM Score": NaN,
        "SS Score": NaN,
        "ICAT Score": NaN
      },
      "race": {
        "Count": 8877.0,
        "LM Score": 78.77566705898815,
        "SS Score": 50.75629303247289,
        "ICAT Score": 77.58411729648581
      },
      "religion": {
        "Count": 735.0,
        "LM Score": 83.39518151778688,
        "SS Score": 49.932623074385525,
        "ICAT Score": 83.28280329895229
      },
      "overall": {
        "Count": 3970.0,
        "LM Score": 78.74119912586232,
        "SS Score": 51.12928611573814,
        "ICAT Score": 76.96277226767415
      }
    },
    "overall": {
      "Count": 3970.0,
      "LM Score": 78.74119912586232,
      "SS Score": 51.12928611573814,
      "ICAT Score": 76.96277226767415
    }
  }
}