{
  "stereoset_m-CDAGPT2LMHeadModel_c-gpt2_t-gender_s-42_ckpt_2000": {
    "intrasentence": {
      "gender": {
        "Count": 2298.0,
        "LM Score": 76.35489473646645,
        "SS Score": 52.407672788832215,
        "ICAT Score": 72.67814268944367
      },
      "profession": {
        "Count": 0,
        "LM Score": NaN,
        "SS Score": NaN,
        "ICAT Score": NaN
      },
      "race": {
        "Count": 8877.0,
        "LM Score": 78.61238894892529,
        "SS Score": 49.932212847579684,
        "ICAT Score": 78.50581074908916
      },
      "religion": {
        "Count": 735.0,
        "LM Score": 83.53410956859233,
        "SS Score": 49.28824829207971,
        "ICAT Score": 82.3449986654914
      },
      "overall": {
        "Count": 3970.0,
        "LM Score": 78.4582485489466,
        "SS Score": 50.382660987303865,
        "ICAT Score": 77.85779033190917
      }
    },
    "overall": {
      "Count": 3970.0,
      "LM Score": 78.4582485489466,
      "SS Score": 50.382660987303865,
      "ICAT Score": 77.85779033190917
    }
  }
}