{
  "stereoset_m-CDAGPT2LMHeadModel_c-gpt2_t-gender_s-42_ckpt_1000": {
    "intrasentence": {
      "gender": {
        "Count": 2298.0,
        "LM Score": 76.875372559493,
        "SS Score": 52.161499273118466,
        "ICAT Score": 73.55205132133189
      },
      "profession": {
        "Count": 0,
        "LM Score": NaN,
        "SS Score": NaN,
        "ICAT Score": NaN
      },
      "race": {
        "Count": 8877.0,
        "LM Score": 78.46186154808278,
        "SS Score": 49.77393470970727,
        "ICAT Score": 78.10711147792728
      },
      "religion": {
        "Count": 735.0,
        "LM Score": 83.12258693484746,
        "SS Score": 50.14613384345185,
        "ICAT Score": 82.87964647271846
      },
      "overall": {
        "Count": 3970.0,
        "LM Score": 78.42470272455114,
        "SS Score": 50.26720266435224,
        "ICAT Score": 78.00559693417048
      }
    },
    "overall": {
      "Count": 3970.0,
      "LM Score": 78.42470272455114,
      "SS Score": 50.26720266435224,
      "ICAT Score": 78.00559693417048
    }
  }
}