{
  "stereoset_m-CDAGPT2LMHeadModel_c-gpt2_t-gender_s-42_ckpt_600": {
    "intrasentence": {
      "gender": {
        "Count": 2298.0,
        "LM Score": 77.28083040518074,
        "SS Score": 53.436836345581966,
        "ICAT Score": 71.96879907011511
      },
      "profession": {
        "Count": 0,
        "LM Score": NaN,
        "SS Score": NaN,
        "ICAT Score": NaN
      },
      "race": {
        "Count": 8877.0,
        "LM Score": 78.77921644639795,
        "SS Score": 50.32104798673655,
        "ICAT Score": 78.27337826966198
      },
      "religion": {
        "Count": 735.0,
        "LM Score": 83.135814448075,
        "SS Score": 49.97377533776001,
        "ICAT Score": 83.09221027499605
      },
      "overall": {
        "Count": 3970.0,
        "LM Score": 78.74143881994121,
        "SS Score": 50.91544401913506,
        "ICAT Score": 77.29977123542513
      }
    },
    "overall": {
      "Count": 3970.0,
      "LM Score": 78.74143881994121,
      "SS Score": 50.91544401913506,
      "ICAT Score": 77.29977123542513
    }
  }
}