{
  "stereoset_m-CDAGPT2LMHeadModel_c-gpt2_t-gender_s-42_ckpt_200": {
    "intrasentence": {
      "gender": {
        "Count": 2298.0,
        "LM Score": 76.80726599968231,
        "SS Score": 53.01772139608222,
        "ICAT Score": 72.17160740004591
      },
      "profession": {
        "Count": 0,
        "LM Score": NaN,
        "SS Score": NaN,
        "ICAT Score": NaN
      },
      "race": {
        "Count": 8877.0,
        "LM Score": 78.62028704088712,
        "SS Score": 51.030992333484186,
        "ICAT Score": 76.9991487769775
      },
      "religion": {
        "Count": 735.0,
        "LM Score": 82.11435648217258,
        "SS Score": 50.846256765796994,
        "ICAT Score": 80.72455988733049
      },
      "overall": {
        "Count": 3970.0,
        "LM Score": 78.46933963125174,
        "SS Score": 51.41217162143652,
        "ICAT Score": 76.25309613964939
      }
    },
    "overall": {
      "Count": 3970.0,
      "LM Score": 78.46933963125174,
      "SS Score": 51.41217162143652,
      "ICAT Score": 76.25309613964939
    }
  }
}