{
  "stereoset_m-CDAGPT2LMHeadModel_c-gpt2_t-gender_s-42_ckpt_400": {
    "intrasentence": {
      "gender": {
        "Count": 2298.0,
        "LM Score": 77.0508287726304,
        "SS Score": 52.969114122037674,
        "ICAT Score": 72.47537469615992
      },
      "profession": {
        "Count": 0,
        "LM Score": NaN,
        "SS Score": NaN,
        "ICAT Score": NaN
      },
      "race": {
        "Count": 8877.0,
        "LM Score": 78.73414960407369,
        "SS Score": 50.59059697608644,
        "ICAT Score": 77.80414659065563
      },
      "religion": {
        "Count": 735.0,
        "LM Score": 82.95843400249531,
        "SS Score": 50.3706007345854,
        "ICAT Score": 82.34354487086772
      },
      "overall": {
        "Count": 3970.0,
        "LM Score": 78.65203733198484,
        "SS Score": 51.04701505638267,
        "ICAT Score": 77.00503998594964
      }
    },
    "overall": {
      "Count": 3970.0,
      "LM Score": 78.65203733198484,
      "SS Score": 51.04701505638267,
      "ICAT Score": 77.00503998594964
    }
  }
}