{
  "stereoset_m-CDAGPT2LMHeadModel_c-gpt2_t-gender_s-42_ckpt_1300": {
    "intrasentence": {
      "gender": {
        "Count": 2298.0,
        "LM Score": 76.83802059315553,
        "SS Score": 52.22883416581568,
        "ICAT Score": 73.41283648252207
      },
      "profession": {
        "Count": 0,
        "LM Score": NaN,
        "SS Score": NaN,
        "ICAT Score": NaN
      },
      "race": {
        "Count": 8877.0,
        "LM Score": 79.00554972179476,
        "SS Score": 50.135590384291326,
        "ICAT Score": 78.79130186483624
      },
      "religion": {
        "Count": 735.0,
        "LM Score": 83.34157576494742,
        "SS Score": 51.698696507125625,
        "ICAT Score": 80.51013489194219
      },
      "overall": {
        "Count": 3970.0,
        "LM Score": 78.83448630422369,
        "SS Score": 50.64128294054948,
        "ICAT Score": 77.82338208034608
      }
    },
    "overall": {
      "Count": 3970.0,
      "LM Score": 78.83448630422369,
      "SS Score": 50.64128294054948,
      "ICAT Score": 77.82338208034608
    }
  }
}