{
  "stereoset_m-CDAGPT2LMHeadModel_c-gpt2_t-gender_s-42_ckpt_800": {
    "intrasentence": {
      "gender": {
        "Count": 2298.0,
        "LM Score": 77.40351737495665,
        "SS Score": 52.254213483223985,
        "ICAT Score": 73.91383632464486
      },
      "profession": {
        "Count": 0,
        "LM Score": NaN,
        "SS Score": NaN,
        "ICAT Score": NaN
      },
      "race": {
        "Count": 8877.0,
        "LM Score": 78.80848418205026,
        "SS Score": 50.23449289632719,
        "ICAT Score": 78.43888358783018
      },
      "religion": {
        "Count": 735.0,
        "LM Score": 82.54006955156382,
        "SS Score": 50.149607735814634,
        "ICAT Score": 82.29309689317198
      },
      "overall": {
        "Count": 3970.0,
        "LM Score": 78.75213723542404,
        "SS Score": 50.62809586450015,
        "ICAT Score": 77.76285940106168
      }
    },
    "overall": {
      "Count": 3970.0,
      "LM Score": 78.75213723542404,
      "SS Score": 50.62809586450015,
      "ICAT Score": 77.76285940106168
    }
  }
}