{
  "stereoset_m-CDAGPT2LMHeadModel_c-gpt2_t-gender_s-42_ckpt_1800": {
    "intrasentence": {
      "gender": {
        "Count": 2298.0,
        "LM Score": 76.49523532393347,
        "SS Score": 52.826880868959826,
        "ICAT Score": 72.17037697785733
      },
      "profession": {
        "Count": 0,
        "LM Score": NaN,
        "SS Score": NaN,
        "ICAT Score": NaN
      },
      "race": {
        "Count": 8877.0,
        "LM Score": 78.8241417208652,
        "SS Score": 50.5029303692052,
        "ICAT Score": 78.03128062690604
      },
      "religion": {
        "Count": 735.0,
        "LM Score": 83.37046343751325,
        "SS Score": 50.47781224026434,
        "ICAT Score": 82.57375487937416
      },
      "overall": {
        "Count": 3970.0,
        "LM Score": 78.63367924416703,
        "SS Score": 50.96011755231159,
        "ICAT Score": 77.12372773126376
      }
    },
    "overall": {
      "Count": 3970.0,
      "LM Score": 78.63367924416703,
      "SS Score": 50.96011755231159,
      "ICAT Score": 77.12372773126376
    }
  }
}