{
  "stereoset_m-CDAGPT2LMHeadModel_c-gpt2_t-gender_s-42_ckpt_700": {
    "intrasentence": {
      "gender": {
        "Count": 2298.0,
        "LM Score": 76.77603451992509,
        "SS Score": 52.79650346969188,
        "ICAT Score": 72.481945581442
      },
      "profession": {
        "Count": 0,
        "LM Score": NaN,
        "SS Score": NaN,
        "ICAT Score": NaN
      },
      "race": {
        "Count": 8877.0,
        "LM Score": 78.79032346276668,
        "SS Score": 50.2730298901837,
        "ICAT Score": 78.36008119551514
      },
      "religion": {
        "Count": 735.0,
        "LM Score": 82.53419065679601,
        "SS Score": 49.62932554886577,
        "ICAT Score": 81.9223243403657
      },
      "overall": {
        "Count": 3970.0,
        "LM Score": 78.61444278158916,
        "SS Score": 50.73296981329807,
        "ICAT Score": 77.4620025126261
      }
    },
    "overall": {
      "Count": 3970.0,
      "LM Score": 78.61444278158916,
      "SS Score": 50.73296981329807,
      "ICAT Score": 77.4620025126261
    }
  }
}