{
  "stereoset_m-CDAGPT2LMHeadModel_c-gpt2_t-gender_s-42_ckpt_900": {
    "intrasentence": {
      "gender": {
        "Count": 2298.0,
        "LM Score": 76.64154611191094,
        "SS Score": 51.63165110196595,
        "ICAT Score": 74.14050084851347
      },
      "profession": {
        "Count": 0,
        "LM Score": NaN,
        "SS Score": NaN,
        "ICAT Score": NaN
      },
      "race": {
        "Count": 8877.0,
        "LM Score": 78.6144601359121,
        "SS Score": 50.318070369842445,
        "ICAT Score": 78.11436152770422
      },
      "religion": {
        "Count": 735.0,
        "LM Score": 82.93101605362142,
        "SS Score": 52.09552190395102,
        "ICAT Score": 79.45534084047588
      },
      "overall": {
        "Count": 3970.0,
        "LM Score": 78.48065475788148,
        "SS Score": 50.68257356570219,
        "ICAT Score": 77.40927835074689
      }
    },
    "overall": {
      "Count": 3970.0,
      "LM Score": 78.48065475788148,
      "SS Score": 50.68257356570219,
      "ICAT Score": 77.40927835074689
    }
  }
}