{
  "stereoset_m-CDAPhi2LMHeadModel_c-microsoft_phi-2_t-gender_s-42_ckpt_500": {
    "intrasentence": {
      "gender": {
        "Count": 2298.0,
        "LM Score": 72.05385397451865,
        "SS Score": 54.73268102693391,
        "ICAT Score": 65.23369582206523
      },
      "profession": {
        "Count": 0,
        "LM Score": NaN,
        "SS Score": NaN,
        "ICAT Score": NaN
      },
      "race": {
        "Count": 8877.0,
        "LM Score": 78.02510293196582,
        "SS Score": 53.78590357343608,
        "ICAT Score": 72.11719261180887
      },
      "religion": {
        "Count": 735.0,
        "LM Score": 81.42380288932014,
        "SS Score": 53.4406738429727,
        "ICAT Score": 75.82074791338717
      },
      "overall": {
        "Count": 3970.0,
        "LM Score": 77.04780576678668,
        "SS Score": 53.952326310480586,
        "ICAT Score": 70.95744436884931
      }
    },
    "overall": {
      "Count": 3970.0,
      "LM Score": 77.04780576678668,
      "SS Score": 53.952326310480586,
      "ICAT Score": 70.95744436884931
    }
  }
}