{
  "stereoset_m-CDAPhi2LMHeadModel_c-microsoft_phi-2_t-gender_s-42_ckpt_800": {
    "intrasentence": {
      "gender": {
        "Count": 2298.0,
        "LM Score": 71.31112688466511,
        "SS Score": 55.704784473675026,
        "ICAT Score": 63.17483469562696
      },
      "profession": {
        "Count": 0,
        "LM Score": NaN,
        "SS Score": NaN,
        "ICAT Score": NaN
      },
      "race": {
        "Count": 8877.0,
        "LM Score": 78.04938627811366,
        "SS Score": 53.873596508377965,
        "ICAT Score": 72.00274967475478
      },
      "religion": {
        "Count": 735.0,
        "LM Score": 81.29222345697441,
        "SS Score": 53.824829207970964,
        "ICAT Score": 75.07364604379165
      },
      "overall": {
        "Count": 3970.0,
        "LM Score": 76.9114767571024,
        "SS Score": 54.232127648215126,
        "ICAT Score": 70.40149301212664
      }
    },
    "overall": {
      "Count": 3970.0,
      "LM Score": 76.9114767571024,
      "SS Score": 54.232127648215126,
      "ICAT Score": 70.40149301212664
    }
  }
}