{
  "stereoset_m-CDAPhi2LMHeadModel_c-microsoft_phi-2_t-gender_s-42_ckpt_2000": {
    "intrasentence": {
      "gender": {
        "Count": 2298.0,
        "LM Score": 71.03155260254212,
        "SS Score": 55.46691869960236,
        "ICAT Score": 63.2650781388496
      },
      "profession": {
        "Count": 0,
        "LM Score": NaN,
        "SS Score": NaN,
        "ICAT Score": NaN
      },
      "race": {
        "Count": 8877.0,
        "LM Score": 78.42584917492844,
        "SS Score": 53.87529559038795,
        "ICAT Score": 72.34738222532783
      },
      "religion": {
        "Count": 735.0,
        "LM Score": 81.43657428140187,
        "SS Score": 55.00354760891159,
        "ICAT Score": 73.28713875092869
      },
      "overall": {
        "Count": 3970.0,
        "LM Score": 77.14471515378814,
        "SS Score": 54.256236126198104,
        "ICAT Score": 70.57779268213183
      }
    },
    "overall": {
      "Count": 3970.0,
      "LM Score": 77.14471515378814,
      "SS Score": 54.256236126198104,
      "ICAT Score": 70.57779268213183
    }
  }
}