{
  "stereoset_m-CDAPhi2LMHeadModel_c-microsoft_phi-2_t-gender_s-42_ckpt_1700": {
    "intrasentence": {
      "gender": {
        "Count": 2298.0,
        "LM Score": 70.95994766427049,
        "SS Score": 54.95925586435332,
        "ICAT Score": 63.92177693250573
      },
      "profession": {
        "Count": 0,
        "LM Score": NaN,
        "SS Score": NaN,
        "ICAT Score": NaN
      },
      "race": {
        "Count": 8877.0,
        "LM Score": 78.26846830057828,
        "SS Score": 53.89163530417911,
        "ICAT Score": 72.1766216117272
      },
      "religion": {
        "Count": 735.0,
        "LM Score": 81.30595777147501,
        "SS Score": 54.20888321271463,
        "ICAT Score": 74.4618121563141
      },
      "overall": {
        "Count": 3970.0,
        "LM Score": 77.00584847261011,
        "SS Score": 54.12113430406098,
        "ICAT Score": 70.6588195975342
      }
    },
    "overall": {
      "Count": 3970.0,
      "LM Score": 77.00584847261011,
      "SS Score": 54.12113430406098,
      "ICAT Score": 70.6588195975342
    }
  }
}