{
  "stereoset_m-CDAPhi2LMHeadModel_c-microsoft_phi-2_t-gender_s-42_ckpt_1100": {
    "intrasentence": {
      "gender": {
        "Count": 2298.0,
        "LM Score": 71.0300319010214,
        "SS Score": 55.200163849514176,
        "ICAT Score": 63.642675818590796
      },
      "profession": {
        "Count": 0,
        "LM Score": NaN,
        "SS Score": NaN,
        "ICAT Score": NaN
      },
      "race": {
        "Count": 8877.0,
        "LM Score": 78.17088066937949,
        "SS Score": 53.51492474602823,
        "ICAT Score": 72.67558541170705
      },
      "religion": {
        "Count": 735.0,
        "LM Score": 81.28538163978777,
        "SS Score": 53.4269902085994,
        "ICAT Score": 75.71409750015141
      },
      "overall": {
        "Count": 3970.0,
        "LM Score": 76.94591386466195,
        "SS Score": 53.84233107673689,
        "ICAT Score": 71.03288034325973
      }
    },
    "overall": {
      "Count": 3970.0,
      "LM Score": 76.94591386466195,
      "SS Score": 53.84233107673689,
      "ICAT Score": 71.03288034325973
    }
  }
}