{
  "stereoset_m-CDAPhi2LMHeadModel_c-microsoft_phi-2_t-gender_s-42_ckpt_1200": {
    "intrasentence": {
      "gender": {
        "Count": 2298.0,
        "LM Score": 71.25520006350843,
        "SS Score": 55.160778479669034,
        "ICAT Score": 63.90055400246311
      },
      "profession": {
        "Count": 0,
        "LM Score": NaN,
        "SS Score": NaN,
        "ICAT Score": NaN
      },
      "race": {
        "Count": 8877.0,
        "LM Score": 78.15686939734051,
        "SS Score": 53.77791135460018,
        "ICAT Score": 72.2514749106162
      },
      "religion": {
        "Count": 735.0,
        "LM Score": 81.2927302582475,
        "SS Score": 53.83851284234426,
        "ICAT Score": 75.05186647653728
      },
      "overall": {
        "Count": 3970.0,
        "LM Score": 76.98037379032208,
        "SS Score": 54.054433901585455,
        "ICAT Score": 70.73813704527804
      }
    },
    "overall": {
      "Count": 3970.0,
      "LM Score": 76.98037379032208,
      "SS Score": 54.054433901585455,
      "ICAT Score": 70.73813704527804
    }
  }
}