{
  "stereoset_m-CDAPhi2LMHeadModel_c-microsoft_phi-2_t-gender_s-42_ckpt_1400": {
    "intrasentence": {
      "gender": {
        "Count": 2298.0,
        "LM Score": 71.1055758015653,
        "SS Score": 55.30876629432352,
        "ICAT Score": 63.555918118488975
      },
      "profession": {
        "Count": 0,
        "LM Score": NaN,
        "SS Score": NaN,
        "ICAT Score": NaN
      },
      "race": {
        "Count": 8877.0,
        "LM Score": 78.41945965741805,
        "SS Score": 53.73610031355203,
        "ICAT Score": 72.55980030112484
      },
      "religion": {
        "Count": 735.0,
        "LM Score": 81.49752865270108,
        "SS Score": 53.41330657422611,
        "ICAT Score": 75.93400764603217
      },
      "overall": {
        "Count": 3970.0,
        "LM Score": 77.15818403427308,
        "SS Score": 54.02738212782315,
        "ICAT Score": 70.94327420637465
      }
    },
    "overall": {
      "Count": 3970.0,
      "LM Score": 77.15818403427308,
      "SS Score": 54.02738212782315,
      "ICAT Score": 70.94327420637465
    }
  }
}