{
  "stereoset_m-CDAPhi2LMHeadModel_c-microsoft_phi-2_t-gender_s-42_ckpt_900": {
    "intrasentence": {
      "gender": {
        "Count": 2298.0,
        "LM Score": 71.3116015659244,
        "SS Score": 54.926063811621034,
        "ICAT Score": 64.28589156947164
      },
      "profession": {
        "Count": 0,
        "LM Score": NaN,
        "SS Score": NaN,
        "ICAT Score": NaN
      },
      "race": {
        "Count": 8877.0,
        "LM Score": 77.9774858169189,
        "SS Score": 53.74109771339776,
        "ICAT Score": 72.14305793919527
      },
      "religion": {
        "Count": 735.0,
        "LM Score": 81.66897952338564,
        "SS Score": 52.61864217802915,
        "ICAT Score": 77.39174283505491
      },
      "overall": {
        "Count": 3970.0,
        "LM Score": 76.88042605263183,
        "SS Score": 53.908511418189725,
        "ICAT Score": 70.87066559139178
      }
    },
    "overall": {
      "Count": 3970.0,
      "LM Score": 76.88042605263183,
      "SS Score": 53.908511418189725,
      "ICAT Score": 70.87066559139178
    }
  }
}