{
  "stereoset_m-CDAPhi2LMHeadModel_c-microsoft_phi-2_t-gender_s-42_ckpt_1900": {
    "intrasentence": {
      "gender": {
        "Count": 2298.0,
        "LM Score": 70.94504466603416,
        "SS Score": 55.653426636110304,
        "ICAT Score": 62.92339256173431
      },
      "profession": {
        "Count": 0,
        "LM Score": NaN,
        "SS Score": NaN,
        "ICAT Score": NaN
      },
      "race": {
        "Count": 8877.0,
        "LM Score": 78.24317551027639,
        "SS Score": 53.861497893176036,
        "ICAT Score": 72.20045836250969
      },
      "religion": {
        "Count": 735.0,
        "LM Score": 81.23861770413495,
        "SS Score": 54.20888321271463,
        "ICAT Score": 74.40014061855345
      },
      "overall": {
        "Count": 3970.0,
        "LM Score": 76.9801166577597,
        "SS Score": 54.23573690741205,
        "ICAT Score": 70.45876623247655
      }
    },
    "overall": {
      "Count": 3970.0,
      "LM Score": 76.9801166577597,
      "SS Score": 54.23573690741205,
      "ICAT Score": 70.45876623247655
    }
  }
}