{
  "stereoset_m-CDAPhi2LMHeadModel_c-microsoft_phi-2_t-gender_s-42_ckpt_1500": {
    "intrasentence": {
      "gender": {
        "Count": 2298.0,
        "LM Score": 71.02462342061293,
        "SS Score": 55.830513987835324,
        "ICAT Score": 62.74242221392053
      },
      "profession": {
        "Count": 0,
        "LM Score": NaN,
        "SS Score": NaN,
        "ICAT Score": NaN
      },
      "race": {
        "Count": 8877.0,
        "LM Score": 78.17702520624614,
        "SS Score": 53.77951406281417,
        "ICAT Score": 72.26760188312643
      },
      "religion": {
        "Count": 735.0,
        "LM Score": 81.50437046988772,
        "SS Score": 54.195199578341345,
        "ICAT Score": 74.66582845732272
      },
      "overall": {
        "Count": 3970.0,
        "LM Score": 76.96238082337625,
        "SS Score": 54.20892963775088,
        "ICAT Score": 70.48379591058868
      }
    },
    "overall": {
      "Count": 3970.0,
      "LM Score": 76.96238082337625,
      "SS Score": 54.20892963775088,
      "ICAT Score": 70.48379591058868
    }
  }
}