{
  "llama2set_m-CDALlama2LMHeadModel_c-meta-llama_Llama-2-7b-hf_t-race-color_s-42_ckpt_800": {
    "intrasentence": {
      "gender": {
        "Count": 2313.0,
        "LM Score": 86.91112027791186,
        "SS Score": 66.3509078424121,
        "ICAT Score": 58.48960591501326
      },
      "profession": {
        "Count": 7194.0,
        "LM Score": 86.17445018087776,
        "SS Score": 59.782840556148535,
        "ICAT Score": 69.3138320582119
      },
      "race": {
        "Count": 8928.0,
        "LM Score": 86.01567093624705,
        "SS Score": 63.231363059976225,
        "ICAT Score": 63.25357951614845
      },
      "religion": {
        "Count": 741.0,
        "LM Score": 88.7306212420537,
        "SS Score": 58.75525802605274,
        "ICAT Score": 73.19343156633097
      },
      "overall": {
        "Count": 6392.0,
        "LM Score": 86.28669641153205,
        "SS Score": 62.16910840222114,
        "ICAT Score": 65.28605316550247
      }
    },
    "overall": {
      "Count": 6392.0,
      "LM Score": 86.28669641153205,
      "SS Score": 62.16910840222114,
      "ICAT Score": 65.28605316550247
    }
  }
}