{
  "llama2set_m-CDALlama2LMHeadModel_c-meta-llama_Llama-2-7b-hf_t-race-color_s-42_ckpt_600": {
    "intrasentence": {
      "gender": {
        "Count": 2313.0,
        "LM Score": 87.2443135357803,
        "SS Score": 66.53798458745986,
        "ICAT Score": 58.38741128381529
      },
      "profession": {
        "Count": 7194.0,
        "LM Score": 86.5196220212849,
        "SS Score": 60.30210191312436,
        "ICAT Score": 68.69294275031939
      },
      "race": {
        "Count": 8928.0,
        "LM Score": 86.40393014521648,
        "SS Score": 63.27096160275388,
        "ICAT Score": 63.47066535953255
      },
      "religion": {
        "Count": 741.0,
        "LM Score": 89.73738197103665,
        "SS Score": 57.960593629855765,
        "ICAT Score": 75.4501253454653
      },
      "overall": {
        "Count": 6392.0,
        "LM Score": 86.6751071575944,
        "SS Score": 62.37435005613586,
        "ICAT Score": 65.2241448151712
      }
    },
    "overall": {
      "Count": 6392.0,
      "LM Score": 86.6751071575944,
      "SS Score": 62.37435005613586,
      "ICAT Score": 65.2241448151712
    }
  }
}