{
  "stereoset_m-CDALlama2LMHeadModel_c-meta-llama_Llama-2-7b-hf_t-race-color_s-42_ckpt_1000": {
    "intrasentence": {
      "gender": {
        "Count": 2313.0,
        "LM Score": 86.42061001818622,
        "SS Score": 65.92215493614795,
        "ICAT Score": 58.90056317046661
      },
      "profession": {
        "Count": 7194.0,
        "LM Score": 85.88554452856214,
        "SS Score": 59.7235957388392,
        "ICAT Score": 69.18321823244591
      },
      "race": {
        "Count": 8928.0,
        "LM Score": 85.86700154857071,
        "SS Score": 63.06282778025096,
        "ICAT Score": 63.433684483860276
      },
      "religion": {
        "Count": 741.0,
        "LM Score": 88.55140977251965,
        "SS Score": 57.893810300805725,
        "ICAT Score": 74.57124916025596
      },
      "overall": {
        "Count": 6392.0,
        "LM Score": 86.04236021098076,
        "SS Score": 61.98319048122139,
        "ICAT Score": 65.42112037373983
      }
    },
    "overall": {
      "Count": 6392.0,
      "LM Score": 86.04236021098076,
      "SS Score": 61.98319048122139,
      "ICAT Score": 65.42112037373983
    }
  }
}