{
  "stereoset_m-CDALlama2LMHeadModel_c-meta-llama_Llama-2-7b-hf_t-race-color_s-42_ckpt_500": {
    "intrasentence": {
      "gender": {
        "Count": 2313.0,
        "LM Score": 86.95460990875782,
        "SS Score": 66.56924104917609,
        "ICAT Score": 58.13917207045214
      },
      "profession": {
        "Count": 7194.0,
        "LM Score": 86.46356889148625,
        "SS Score": 60.243095495811886,
        "ICAT Score": 68.75047703020218
      },
      "race": {
        "Count": 8928.0,
        "LM Score": 86.31832040069615,
        "SS Score": 63.14461241417767,
        "ICAT Score": 63.625903082497025
      },
      "religion": {
        "Count": 741.0,
        "LM Score": 89.53896927262394,
        "SS Score": 57.960593629855765,
        "ICAT Score": 75.28330230431392
      },
      "overall": {
        "Count": 6392.0,
        "LM Score": 86.57099349681313,
        "SS Score": 62.297282527145164,
        "ICAT Score": 65.27923418309398
      }
    },
    "overall": {
      "Count": 6392.0,
      "LM Score": 86.57099349681313,
      "SS Score": 62.297282527145164,
      "ICAT Score": 65.27923418309398
    }
  }
}