{
  "stereoset_m-CDAPhi2LMHeadModel_c-microsoft_phi-2_t-race-color_s-42_ckpt_1100": {
    "intrasentence": {
      "gender": {
        "Count": 2298.0,
        "LM Score": 71.53569398423221,
        "SS Score": 57.72709370977737,
        "ICAT Score": 60.48043376402982
      },
      "profession": {
        "Count": 0,
        "LM Score": NaN,
        "SS Score": NaN,
        "ICAT Score": NaN
      },
      "race": {
        "Count": 8877.0,
        "LM Score": 77.47408677877839,
        "SS Score": 55.097929641286356,
        "ICAT Score": 69.57493791035587
      },
      "religion": {
        "Count": 735.0,
        "LM Score": 80.79136558063762,
        "SS Score": 55.71590747835958,
        "ICAT Score": 71.55544616645263
      },
      "overall": {
        "Count": 3970.0,
        "LM Score": 76.49845339312277,
        "SS Score": 55.65343439515733,
        "ICAT Score": 67.84887364134237
      }
    },
    "overall": {
      "Count": 3970.0,
      "LM Score": 76.49845339312277,
      "SS Score": 55.65343439515733,
      "ICAT Score": 67.84887364134237
    }
  }
}