{
  "stereoset_m-CDAPhi2LMHeadModel_c-microsoft_phi-2_t-race-color_s-42_ckpt_1600": {
    "intrasentence": {
      "gender": {
        "Count": 2298.0,
        "LM Score": 70.94789714930896,
        "SS Score": 57.67829121384843,
        "ICAT Score": 60.052724842857735
      },
      "profession": {
        "Count": 0,
        "LM Score": NaN,
        "SS Score": NaN,
        "ICAT Score": NaN
      },
      "race": {
        "Count": 8877.0,
        "LM Score": 77.32836106470485,
        "SS Score": 55.12559588641174,
        "ICAT Score": 69.4012824771806
      },
      "religion": {
        "Count": 735.0,
        "LM Score": 80.59295288222492,
        "SS Score": 56.61778338023549,
        "ICAT Score": 69.92601879926312
      },
      "overall": {
        "Count": 3970.0,
        "LM Score": 76.26235717586144,
        "SS Score": 55.717770539487496,
        "ICAT Score": 67.54134399322116
      }
    },
    "overall": {
      "Count": 3970.0,
      "LM Score": 76.26235717586144,
      "SS Score": 55.717770539487496,
      "ICAT Score": 67.54134399322116
    }
  }
}