{
  "stereoset_m-CDAPhi2LMHeadModel_c-microsoft_phi-2_t-race-color_s-42_ckpt_1800": {
    "intrasentence": {
      "gender": {
        "Count": 2298.0,
        "LM Score": 71.13104733245912,
        "SS Score": 57.92883288902779,
        "ICAT Score": 59.851323582047236
      },
      "profession": {
        "Count": 0,
        "LM Score": NaN,
        "SS Score": NaN,
        "ICAT Score": NaN
      },
      "race": {
        "Count": 8877.0,
        "LM Score": 77.42309079935171,
        "SS Score": 55.02157135108737,
        "ICAT Score": 69.6473793059385
      },
      "religion": {
        "Count": 735.0,
        "LM Score": 80.60030150068464,
        "SS Score": 56.63248061715494,
        "ICAT Score": 69.90870275188193
      },
      "overall": {
        "Count": 3970.0,
        "LM Score": 76.36936443293868,
        "SS Score": 55.690755755908555,
        "ICAT Score": 67.6773764285022
      }
    },
    "overall": {
      "Count": 3970.0,
      "LM Score": 76.36936443293868,
      "SS Score": 55.690755755908555,
      "ICAT Score": 67.6773764285022
    }
  }
}