{
  "stereoset_m-CDAPhi2LMHeadModel_c-microsoft_phi-2_t-race-color_s-42_ckpt_1400": {
    "intrasentence": {
      "gender": {
        "Count": 2298.0,
        "LM Score": 71.2994127936032,
        "SS Score": 57.27980389869445,
        "ICAT Score": 60.91849792901324
      },
      "profession": {
        "Count": 0,
        "LM Score": NaN,
        "SS Score": NaN,
        "ICAT Score": NaN
      },
      "race": {
        "Count": 8877.0,
        "LM Score": 77.36346863817376,
        "SS Score": 54.940188810935716,
        "ICAT Score": 69.71966579534411
      },
      "religion": {
        "Count": 735.0,
        "LM Score": 80.01829091867407,
        "SS Score": 57.044003250899806,
        "ICAT Score": 68.74530889142234
      },
      "overall": {
        "Count": 3970.0,
        "LM Score": 76.32380893545917,
        "SS Score": 55.526522906938595,
        "ICAT Score": 67.88770336692677
      }
    },
    "overall": {
      "Count": 3970.0,
      "LM Score": 76.32380893545917,
      "SS Score": 55.526522906938595,
      "ICAT Score": 67.88770336692677
    }
  }
}