{
  "stereoset_m-CDAPhi2LMHeadModel_c-microsoft_phi-2_t-race-color_s-42_ckpt_1000": {
    "intrasentence": {
      "gender": {
        "Count": 2298.0,
        "LM Score": 71.45248392056239,
        "SS Score": 57.123445747433756,
        "ICAT Score": 61.27272606601221
      },
      "profession": {
        "Count": 0,
        "LM Score": NaN,
        "SS Score": NaN,
        "ICAT Score": NaN
      },
      "race": {
        "Count": 8877.0,
        "LM Score": 77.63930000819478,
        "SS Score": 54.82807365925328,
        "ICAT Score": 70.14233482234621
      },
      "religion": {
        "Count": 735.0,
        "LM Score": 80.38719156535248,
        "SS Score": 56.61778338023549,
        "ICAT Score": 69.74749115885257
      },
      "overall": {
        "Count": 3970.0,
        "LM Score": 76.58092199099377,
        "SS Score": 55.38707727855758,
        "ICAT Score": 68.32997509442032
      }
    },
    "overall": {
      "Count": 3970.0,
      "LM Score": 76.58092199099377,
      "SS Score": 55.38707727855758,
      "ICAT Score": 68.32997509442032
    }
  }
}