{
  "stereoset_m-SelfDebiasLlama2LMHeadModel_c-meta-llama_Llama-2-7b-hf_t-race-color_s-42": {
    "intrasentence": {
      "gender": {
        "Count": 2313.0,
        "LM Score": 84.90856939347694,
        "SS Score": 62.19719671466299,
        "ICAT Score": 64.19563892041991
      },
      "profession": {
        "Count": 7194.0,
        "LM Score": 82.33195389013032,
        "SS Score": 58.405294584567855,
        "ICAT Score": 68.49146736673826
      },
      "race": {
        "Count": 8928.0,
        "LM Score": 80.86047432824857,
        "SS Score": 57.87367864643756,
        "ICAT Score": 68.1270865270657
      },
      "religion": {
        "Count": 741.0,
        "LM Score": 88.48994859994735,
        "SS Score": 56.865950439056355,
        "ICAT Score": 76.33859657110969
      },
      "overall": {
        "Count": 6392.0,
        "LM Score": 82.1932895388746,
        "SS Score": 58.56988287210723,
        "ICAT Score": 68.10555225444756
      }
    },
    "overall": {
      "Count": 6392.0,
      "LM Score": 82.1932895388746,
      "SS Score": 58.56988287210723,
      "ICAT Score": 68.10555225444756
    }
  }
}