{
  "stereoset_m-SelfDebiasPhi2LMHeadModel_c-microsoft_phi-2_t-religion_s-42": {
    "intrasentence": {
      "gender": {
        "Count": 2313.0,
        "LM Score": 90.0802360026373,
        "SS Score": 64.97537232327338,
        "ICAT Score": 63.10053454048073
      },
      "profession": {
        "Count": 7194.0,
        "LM Score": 88.7593194902586,
        "SS Score": 65.22015210596055,
        "ICAT Score": 61.74071262099291
      },
      "race": {
        "Count": 8928.0,
        "LM Score": 89.89031691579464,
        "SS Score": 57.343100227613654,
        "ICAT Score": 76.68884478370194
      },
      "religion": {
        "Count": 741.0,
        "LM Score": 87.54650087458145,
        "SS Score": 67.1795332066003,
        "ICAT Score": 57.46634049665078
      },
      "overall": {
        "Count": 6392.0,
        "LM Score": 89.40607501470421,
        "SS Score": 61.584549519894196,
        "ICAT Score": 68.6914929469599
      }
    },
    "overall": {
      "Count": 6392.0,
      "LM Score": 89.40607501470421,
      "SS Score": 61.584549519894196,
      "ICAT Score": 68.6914929469599
    }
  }
}