{
  "stereoset_m-SelfDebiasGPT2LMHeadModel_c-gpt2_t-race-color_s-42": {
    "intrasentence": {
      "gender": {
        "Count": 2313.0,
        "LM Score": 90.92813487297498,
        "SS Score": 60.66624324460407,
        "ICAT Score": 71.53090278630864
      },
      "profession": {
        "Count": 7194.0,
        "LM Score": 87.86658327282761,
        "SS Score": 60.0279188405257,
        "ICAT Score": 70.24420395574344
      },
      "race": {
        "Count": 8928.0,
        "LM Score": 88.08347193444664,
        "SS Score": 55.46096279951605,
        "ICAT Score": 78.46306066472206
      },
      "religion": {
        "Count": 741.0,
        "LM Score": 90.58903773092376,
        "SS Score": 58.46534243209562,
        "ICAT Score": 75.25169323119776
      },
      "overall": {
        "Count": 6392.0,
        "LM Score": 88.4486372269195,
        "SS Score": 57.916433352147145,
        "ICAT Score": 74.44468239301652
      }
    },
    "overall": {
      "Count": 6392.0,
      "LM Score": 88.4486372269195,
      "SS Score": 57.916433352147145,
      "ICAT Score": 74.44468239301652
    }
  }
}