{
  "stereoset_m-SelfDebiasGPT2LMHeadModel_c-gpt2_t-gender_s-42": {
    "intrasentence": {
      "gender": {
        "Count": 2313.0,
        "LM Score": 89.19774694367398,
        "SS Score": 60.03463011436525,
        "ICAT Score": 71.29641899138353
      },
      "profession": {
        "Count": 7194.0,
        "LM Score": 87.06945699288454,
        "SS Score": 59.91420372827545,
        "ICAT Score": 69.80497029012905
      },
      "race": {
        "Count": 8928.0,
        "LM Score": 88.59008841417644,
        "SS Score": 56.18360832099902,
        "ICAT Score": 77.63396025665763
      },
      "religion": {
        "Count": 741.0,
        "LM Score": 91.5718978010413,
        "SS Score": 59.41768890415535,
        "ICAT Score": 74.32398488397502
      },
      "overall": {
        "Count": 6392.0,
        "LM Score": 88.21078763917826,
        "SS Score": 58.16869495614065,
        "ICAT Score": 73.79944731787128
      }
    },
    "overall": {
      "Count": 6392.0,
      "LM Score": 88.21078763917826,
      "SS Score": 58.16869495614065,
      "ICAT Score": 73.79944731787128
    }
  }
}