{
  "stereoset_m-SelfDebiasLlama2LMHeadModel_c-meta-llama_Llama-2-7b-hf_t-gender_s-42": {
    "intrasentence": {
      "gender": {
        "Count": 2313.0,
        "LM Score": 80.57502547150222,
        "SS Score": 60.58270544584888,
        "ICAT Score": 63.52099025436864
      },
      "profession": {
        "Count": 7194.0,
        "LM Score": 80.35232165623435,
        "SS Score": 56.51167848623826,
        "ICAT Score": 69.88775197127039
      },
      "race": {
        "Count": 8928.0,
        "LM Score": 79.85583379853584,
        "SS Score": 58.93961162636202,
        "ICAT Score": 65.57823099337136
      },
      "religion": {
        "Count": 741.0,
        "LM Score": 86.93872204872082,
        "SS Score": 55.90095474225989,
        "ICAT Score": 76.67829276553255
      },
      "overall": {
        "Count": 6392.0,
        "LM Score": 80.393047235038,
        "SS Score": 58.127342700810566,
        "ICAT Score": 67.3254103222059
      }
    },
    "overall": {
      "Count": 6392.0,
      "LM Score": 80.393047235038,
      "SS Score": 58.127342700810566,
      "ICAT Score": 67.3254103222059
    }
  }
}