{
  "stereoset_m-SelfDebiasPhi2LMHeadModel_c-microsoft_phi-2_t-race-color_s-42": {
    "intrasentence": {
      "gender": {
        "Count": 2313.0,
        "LM Score": 90.32254551305026,
        "SS Score": 66.0621427252112,
        "ICAT Score": 61.3070731663503
      },
      "profession": {
        "Count": 7194.0,
        "LM Score": 88.77471288645407,
        "SS Score": 65.76871086163806,
        "ICAT Score": 60.7774572998255
      },
      "race": {
        "Count": 8928.0,
        "LM Score": 89.06939288203088,
        "SS Score": 56.068853886166394,
        "ICAT Score": 78.258410259419
      },
      "religion": {
        "Count": 741.0,
        "LM Score": 88.34952674867394,
        "SS Score": 66.03213363811558,
        "ICAT Score": 60.020898354693784
      },
      "overall": {
        "Count": 6392.0,
        "LM Score": 89.08837876685922,
        "SS Score": 61.285611368527285,
        "ICAT Score": 68.98004236256061
      }
    },
    "overall": {
      "Count": 6392.0,
      "LM Score": 89.08837876685922,
      "SS Score": 61.285611368527285,
      "ICAT Score": 68.98004236256061
    }
  }
}