{
  "stereoset_m-SelfDebiasPhi2LMHeadModel_c-microsoft_phi-2_t-gender_s-42": {
    "intrasentence": {
      "gender": {
        "Count": 2313.0,
        "LM Score": 86.83023237613443,
        "SS Score": 62.856840137299905,
        "ICAT Score": 64.50298404124317
      },
      "profession": {
        "Count": 7194.0,
        "LM Score": 87.39504902843503,
        "SS Score": 63.12053349283927,
        "ICAT Score": 64.4616556707168
      },
      "race": {
        "Count": 8928.0,
        "LM Score": 89.24772446315525,
        "SS Score": 57.14548663698781,
        "ICAT Score": 76.49335601249433
      },
      "religion": {
        "Count": 741.0,
        "LM Score": 89.66793607752697,
        "SS Score": 66.88457337944422,
        "ICAT Score": 59.38783914784062
      },
      "overall": {
        "Count": 6392.0,
        "LM Score": 88.274651540816,
        "SS Score": 60.43782797053368,
        "ICAT Score": 69.84673900197913
      }
    },
    "overall": {
      "Count": 6392.0,
      "LM Score": 88.274651540816,
      "SS Score": 60.43782797053368,
      "ICAT Score": 69.84673900197913
    }
  }
}