{
  "stereoset_m-SelfDebiasPhi2LMHeadModel_c-microsoft_phi-2_t-race-color_s-42": {
    "intrasentence": {
      "gender": {
        "Count": 2313.0,
        "LM Score": 90.02039180256321,
        "SS Score": 65.51816597621196,
        "ICAT Score": 62.08136417784708
      },
      "profession": {
        "Count": 7194.0,
        "LM Score": 88.92825265839444,
        "SS Score": 66.0460347867002,
        "ICAT Score": 60.3893359448532
      },
      "race": {
        "Count": 8928.0,
        "LM Score": 89.01712520798122,
        "SS Score": 56.116655120931604,
        "ICAT Score": 78.12738411290107
      },
      "religion": {
        "Count": 741.0,
        "LM Score": 88.58082431033857,
        "SS Score": 66.86987614252476,
        "ICAT Score": 58.69387361597541
      },
      "overall": {
        "Count": 6392.0,
        "LM Score": 89.09221925879058,
        "SS Score": 61.374789355526325,
        "ICAT Score": 68.8241147130884
      }
    },
    "overall": {
      "Count": 6392.0,
      "LM Score": 89.09221925879058,
      "SS Score": 61.374789355526325,
      "ICAT Score": 68.8241147130884
    }
  }
}