{
  "stereoset_m-SelfDebiasLlama2LMHeadModel_c-meta-llama_Llama-2-7b-hf_t-religion_s-42": {
    "intrasentence": {
      "gender": {
        "Count": 2313.0,
        "LM Score": 84.65848687747737,
        "SS Score": 63.23808160854637,
        "ICAT Score": 62.24416771467541
      },
      "profession": {
        "Count": 7194.0,
        "LM Score": 81.92622080643163,
        "SS Score": 59.24361415853814,
        "ICAT Score": 66.78033331439455
      },
      "race": {
        "Count": 8928.0,
        "LM Score": 80.56533908898213,
        "SS Score": 59.94747542782382,
        "ICAT Score": 64.53690447054326
      },
      "religion": {
        "Count": 741.0,
        "LM Score": 86.52903043893032,
        "SS Score": 55.96508813972663,
        "ICAT Score": 76.20596457466416
      },
      "overall": {
        "Count": 6392.0,
        "LM Score": 81.80065731367159,
        "SS Score": 59.94552991374569,
        "ICAT Score": 65.52963962812798
      }
    },
    "overall": {
      "Count": 6392.0,
      "LM Score": 81.80065731367159,
      "SS Score": 59.94552991374569,
      "ICAT Score": 65.52963962812798
    }
  }
}