{
  "stereoset_m-SelfDebiasLlama2LMHeadModel_c-meta-llama_Llama-2-7b-hf_t-religion_s-42": {
    "intrasentence": {
      "gender": {
        "Count": 2313.0,
        "LM Score": 84.31188517832696,
        "SS Score": 63.79320536941726,
        "ICAT Score": 61.05326223137914
      },
      "profession": {
        "Count": 7194.0,
        "LM Score": 81.84132731881908,
        "SS Score": 59.15332128589479,
        "ICAT Score": 66.8589280505545
      },
      "race": {
        "Count": 8928.0,
        "LM Score": 80.36676859096625,
        "SS Score": 59.48653682897408,
        "ICAT Score": 65.11872238968948
      },
      "religion": {
        "Count": 741.0,
        "LM Score": 86.52903043893032,
        "SS Score": 54.78728198107755,
        "ICAT Score": 78.24425307372229
      },
      "overall": {
        "Count": 6392.0,
        "LM Score": 81.63339726765736,
        "SS Score": 59.72173254676372,
        "ICAT Score": 65.76103616525982
      }
    },
    "overall": {
      "Count": 6392.0,
      "LM Score": 81.63339726765736,
      "SS Score": 59.72173254676372,
      "ICAT Score": 65.76103616525982
    }
  }
}