{
  "stereoset_m-SelfDebiasGPT2LMHeadModel_c-gpt2_t-religion_s-42": {
    "intrasentence": {
      "gender": {
        "Count": 2313.0,
        "LM Score": 91.44723805587124,
        "SS Score": 61.99077131985678,
        "ICAT Score": 69.5167796686621
      },
      "profession": {
        "Count": 7194.0,
        "LM Score": 87.70034472994,
        "SS Score": 59.663110391666535,
        "ICAT Score": 70.75118247968759
      },
      "race": {
        "Count": 8928.0,
        "LM Score": 87.93853864272013,
        "SS Score": 55.045747135406415,
        "ICAT Score": 79.0642260537535
      },
      "religion": {
        "Count": 741.0,
        "LM Score": 89.02727238841439,
        "SS Score": 59.88136599618493,
        "ICAT Score": 71.43305114617496
      },
      "overall": {
        "Count": 6392.0,
        "LM Score": 88.3254069648506,
        "SS Score": 57.803738822778016,
        "ICAT Score": 74.54003881746515
      }
    },
    "overall": {
      "Count": 6392.0,
      "LM Score": 88.3254069648506,
      "SS Score": 57.803738822778016,
      "ICAT Score": 74.54003881746515
    }
  }
}