{
  "stereoset_m-INLPLlama2LMHeadModel_c-meta-llama_Llama-2-7b-hf_t-gender_s-42": {
    "intrasentence": {
      "gender": {
        "Count": 2313.0,
        "LM Score": 90.30387616390865,
        "SS Score": 66.27833024232326,
        "ICAT Score": 60.903949796749274
      },
      "profession": {
        "Count": 7194.0,
        "LM Score": 89.10391802967827,
        "SS Score": 62.46048689790234,
        "ICAT Score": 66.89835396646687
      },
      "race": {
        "Count": 8928.0,
        "LM Score": 91.6692190299182,
        "SS Score": 64.347617037795,
        "ICAT Score": 65.36452205401787
      },
      "religion": {
        "Count": 741.0,
        "LM Score": 94.57519991601069,
        "SS Score": 62.305007095515066,
        "ICAT Score": 71.30022979548535
      },
      "overall": {
        "Count": 6392.0,
        "LM Score": 90.65399775707917,
        "SS Score": 63.8091715587247,
        "ICAT Score": 65.61686560684416
      }
    },
    "overall": {
      "Count": 6392.0,
      "LM Score": 90.65399775707917,
      "SS Score": 63.8091715587247,
      "ICAT Score": 65.61686560684416
    }
  }
}