{
  "stereoset_m-INLPGPT2LMHeadModel_c-gpt2_t-race-color_s-42": {
    "intrasentence": {
      "gender": {
        "Count": 2313.0,
        "LM Score": 90.25620395901504,
        "SS Score": 61.42122968652204,
        "ICAT Score": 69.63946723802523
      },
      "profession": {
        "Count": 7194.0,
        "LM Score": 89.26757787102937,
        "SS Score": 61.473022871186956,
        "ICAT Score": 68.78419861963373
      },
      "race": {
        "Count": 8928.0,
        "LM Score": 89.9729184395735,
        "SS Score": 55.63403916507874,
        "ICAT Score": 79.83469951387366
      },
      "religion": {
        "Count": 741.0,
        "LM Score": 91.45732653024706,
        "SS Score": 62.64274332807271,
        "ICAT Score": 68.33189643437409
      },
      "overall": {
        "Count": 6392.0,
        "LM Score": 89.80092499837653,
        "SS Score": 58.78363663061587,
        "ICAT Score": 74.02535111279796
      }
    },
    "overall": {
      "Count": 6392.0,
      "LM Score": 89.80092499837653,
      "SS Score": 58.78363663061587,
      "ICAT Score": 74.02535111279796
    }
  }
}