{
  "stereoset_m-INLPGPT2LMHeadModel_c-gpt2_t-gender_s-42": {
    "intrasentence": {
      "gender": {
        "Count": 2313.0,
        "LM Score": 80.84728307813016,
        "SS Score": 58.83441693146839,
        "ICAT Score": 66.56251094835714
      },
      "profession": {
        "Count": 7194.0,
        "LM Score": 77.83282391194753,
        "SS Score": 55.618900027356815,
        "ICAT Score": 69.08612678378553
      },
      "race": {
        "Count": 8928.0,
        "LM Score": 78.28287261887762,
        "SS Score": 57.86944212900996,
        "ICAT Score": 65.9620219035393
      },
      "religion": {
        "Count": 741.0,
        "LM Score": 77.92326987111316,
        "SS Score": 54.05951089426556,
        "ICAT Score": 71.59666261194158
      },
      "overall": {
        "Count": 6392.0,
        "LM Score": 78.42002759996846,
        "SS Score": 57.01039697947389,
        "ICAT Score": 67.42491710762691
      }
    },
    "overall": {
      "Count": 6392.0,
      "LM Score": 78.42002759996846,
      "SS Score": 57.01039697947389,
      "ICAT Score": 67.42491710762691
    }
  }
}