{
  "stereoset_m-INLPLlama2LMHeadModel_c-meta-llama_Llama-2-7b-hf_t-religion_s-42": {
    "intrasentence": {
      "gender": {
        "Count": 2313.0,
        "LM Score": 88.93941883490858,
        "SS Score": 67.22559155265303,
        "ICAT Score": 58.29873679929916
      },
      "profession": {
        "Count": 7194.0,
        "LM Score": 88.26592537315818,
        "SS Score": 61.91618002899513,
        "ICAT Score": 67.23007222971015
      },
      "race": {
        "Count": 8928.0,
        "LM Score": 88.99830147369106,
        "SS Score": 64.07247115169068,
        "ICAT Score": 63.949780872931306
      },
      "religion": {
        "Count": 741.0,
        "LM Score": 91.04997274568404,
        "SS Score": 61.35367273978076,
        "ICAT Score": 70.37494087527496
      },
      "overall": {
        "Count": 6392.0,
        "LM Score": 88.79493252012288,
        "SS Score": 63.56031505780258,
        "ICAT Score": 64.71318730993914
      }
    },
    "overall": {
      "Count": 6392.0,
      "LM Score": 88.79493252012288,
      "SS Score": 63.56031505780258,
      "ICAT Score": 64.71318730993914
    }
  }
}